tp,sl,window,dd,lb,n,pos,rate,recent_n,recent_rate,recent_rate_minus_be,barrier_be_precision,base_rate_minus_be,retain_n,retain_rate,convert_n,convert_rate,old1_to_0,tp_exit,hard_exit,trail_exit,timeout_exit,trail_future_tp_n,trail_future_tp_rate,stop_future_tp_n,conflict_n,pos_med_exit_min,pos_med_mae,pos_p25_mae,stop_med_mfe,proxy_mean_ret,proxy_median_ret,recent_proxy_mean_ret
1.6,0.9,60,,,1177,217,0.18436703483432457,295,0.13898305084745763,-0.0038740920096851927,0.14285714285714282,0.041509891977181745,217,1.0,0,0.0,0,217,884,0,76,0,0.0,117,5,2.6333333333333333,0.036213566684760945,-0.020831722805222164,0.016546971999971904,0.0391975100107193,-0.09999999999999998,0.00674207806921034
1.6,0.9,60,0.2,5,1177,174,0.14783347493627869,295,0.09830508474576272,-0.044552058111380105,0.14285714285714282,0.0049763320791358645,174,0.8018433179723502,0,0.0,43,174,791,150,62,55,0.36666666666666664,159,11,1.9416666666666667,0.08205157345759773,-0.008807935497373465,0.03193171907575998,0.037182207887382974,-0.09999999999999998,0.004213182582145591
1.6,0.9,60,0.2,10,1177,171,0.14528462192013594,295,0.09830508474576272,-0.044552058111380105,0.14285714285714282,0.002427479062993121,171,0.7880184331797235,0,0.0,46,171,786,160,60,58,0.3625,162,11,1.9333333333333333,0.08381322282027859,-0.006742159940485326,0.03355456560762127,0.03675537545076612,-0.09999999999999998,0.005122994859187173
1.6,0.9,60,0.2,15,1177,170,0.14443500424808836,295,0.09830508474576272,-0.044552058111380105,0.14285714285714282,0.0015778613909455397,170,0.783410138248848,0,0.0,47,170,786,164,57,59,0.3597560975609756,163,11,1.9333333333333333,0.0876454204750956,-0.006000604004839261,0.03441602579130165,0.0365027383118671,-0.09999999999999998,0.005059564745990277
1.6,0.9,60,0.25,5,1177,195,0.16567544604927784,295,0.11186440677966102,-0.030992736077481806,0.14285714285714282,0.022818303192135014,195,0.8986175115207373,0,0.0,22,195,820,91,71,32,0.3516483516483517,138,8,2.2,0.05722699896138872,-0.02039861788410946,0.021310204569872093,0.038703887710007205,-0.09999999999999998,0.003269348202625743
1.6,0.9,60,0.25,10,1177,195,0.16567544604927784,295,0.11186440677966102,-0.030992736077481806,0.14285714285714282,0.022818303192135014,195,0.8986175115207373,0,0.0,22,195,818,96,68,32,0.3333333333333333,138,8,2.2,0.05722699896138872,-0.02039861788410946,0.022078260289199014,0.03918897474082938,-0.09999999999999998,0.0035444184930909263
1.6,0.9,60,0.25,15,1177,194,0.16482582837723025,295,0.10847457627118644,-0.034382566585956384,0.14285714285714282,0.021968685520087433,194,0.8940092165898618,0,0.0,23,194,816,101,66,33,0.32673267326732675,139,8,2.2,0.06027450986533489,-0.02039861788410946,0.02303071113156885,0.03910964468747771,-0.09999999999999998,0.0023234335878769764
1.6,0.9,60,0.3,5,1177,208,0.17672047578589634,295,0.1288135593220339,-0.014043583535108928,0.14285714285714282,0.033863332928753515,208,0.9585253456221198,0,0.0,9,208,846,48,75,17,0.3541666666666667,126,7,2.4833333333333334,0.04754715616212857,-0.0204832648036678,0.01858684057216975,0.038836319553213434,-0.09999999999999998,0.006148763415456004
1.6,0.9,60,0.3,10,1177,208,0.17672047578589634,295,0.1288135593220339,-0.014043583535108928,0.14285714285714282,0.033863332928753515,208,0.9585253456221198,0,0.0,9,208,842,54,73,17,0.3148148148148148,126,7,2.4833333333333334,0.04754715616212857,-0.0204832648036678,0.01897361112835061,0.039119371778388146,-0.09999999999999998,0.006326990696976366
1.6,0.9,60,0.3,15,1177,207,0.17587085811384875,295,0.12542372881355932,-0.017433414043583506,0.14285714285714282,0.03301371525670593,207,0.9539170506912442,0,0.0,10,207,842,56,72,18,0.32142857142857145,127,7,2.466666666666667,0.04803910974026504,-0.0204832648036678,0.019440460587037633,0.03872616510739408,-0.09999999999999998,0.004758162724908536
1.6,0.9,90,,,1177,225,0.1911639762107052,295,0.14915254237288136,0.006295399515738542,0.14285714285714282,0.04830683335356237,217,1.0,8,0.008333333333333333,0,225,901,0,51,0,0.0,131,5,2.9166666666666665,0.027107456991594336,-0.027010945670487674,0.01860440181342171,0.0408453186569648,-0.09999999999999998,0.0122031077474754
1.6,0.9,90,0.2,5,1177,179,0.15208156329651656,295,0.1016949152542373,-0.04116222760290553,0.14285714285714282,0.009224420439373743,174,0.8018433179723502,5,0.005208333333333333,43,179,804,153,41,59,0.38562091503267976,176,11,1.9833333333333334,0.06897152085668634,-0.015672475675564068,0.033775545694445075,0.03789624534601205,-0.09999999999999998,0.006712617683546082
1.6,0.9,90,0.2,10,1177,176,0.14953271028037382,295,0.1016949152542373,-0.04116222760290553,0.14285714285714282,0.006675567423230999,171,0.7880184331797235,5,0.005208333333333333,46,176,797,165,39,62,0.37575757575757573,179,11,1.9583333333333333,0.08046267696206455,-0.014626578483894148,0.03479618204015833,0.037577286651157414,-0.09999999999999998,0.007314173049100317
1.6,0.9,90,0.2,15,1177,175,0.14868309260832624,295,0.1016949152542373,-0.04116222760290553,0.14285714285714282,0.005825949751183418,170,0.783410138248848,5,0.005208333333333333,47,175,795,169,38,63,0.3727810650887574,180,11,1.95,0.08154637981915491,-0.008807935497373465,0.03506894782204795,0.03745373547739733,-0.09999999999999998,0.007695912686966797
1.6,0.9,90,0.25,5,1177,203,0.17247238742565846,295,0.12203389830508475,-0.02082324455205807,0.14285714285714282,0.029615244568515636,195,0.8986175115207373,8,0.008333333333333333,22,203,835,93,46,32,0.34408602150537637,152,8,2.35,0.04493163182078641,-0.025230774730022887,0.025164594888425706,0.04048315647352261,-0.09999999999999998,0.00896534351621309
1.6,0.9,90,0.25,10,1177,202,0.17162276975361088,295,0.11864406779661017,-0.02421307506053265,0.14285714285714282,0.028765626896468055,195,0.8986175115207373,7,0.007291666666666667,22,202,833,97,45,33,0.3402061855670103,153,8,2.325,0.046485370780525725,-0.024578208743865848,0.02569721789161683,0.04056490257523191,-0.09999999999999998,0.007903879661492964
1.6,0.9,90,0.25,15,1177,201,0.1707731520815633,295,0.1152542372881356,-0.027602905569007227,0.14285714285714282,0.027916009224420474,194,0.8940092165898618,7,0.007291666666666667,23,201,829,104,43,34,0.3269230769230769,154,8,2.3,0.04493163182078641,-0.024578208743865848,0.0261566801879467,0.0404681501917988,-0.09999999999999998,0.0059252611066292794
1.6,0.9,90,0.3,5,1177,216,0.18351741716227699,295,0.13898305084745763,-0.0038740920096851927,0.14285714285714282,0.040660274305134164,208,0.9585253456221198,8,0.008333333333333333,9,216,862,49,50,17,0.3469387755102041,140,7,2.7333333333333334,0.034739877484324055,-0.025230774730022887,0.020754220540527335,0.04063474606161905,-0.09999999999999998,0.011609793093721062
1.6,0.9,90,0.3,10,1177,215,0.1826677994902294,295,0.13559322033898305,-0.007263922518159771,0.14285714285714282,0.03981065663308658,208,0.9585253456221198,7,0.007291666666666667,9,215,858,55,49,18,0.32727272727272727,141,7,2.716666666666667,0.036213566684760945,-0.024578208743865848,0.020762624327182122,0.040349543931440364,-0.09999999999999998,0.010344598842109904
1.6,0.9,90,0.3,15,1177,214,0.18181818181818182,295,0.13220338983050847,-0.01065375302663435,0.14285714285714282,0.038961038961039,207,0.9539170506912442,7,0.007291666666666667,10,214,857,57,49,19,0.3333333333333333,142,7,2.675,0.03911496146371263,-0.024578208743865848,0.020907954602349732,0.040042018349540784,-0.09999999999999998,0.009117623893310573
1.6,0.9,120,,,1177,228,0.1937128292268479,295,0.15254237288135594,0.00968523002421312,0.14285714285714282,0.05085568636970508,217,1.0,11,0.011458333333333333,0,228,911,0,38,0,0.0,140,5,3.0666666666666664,0.023709261119362224,-0.030531441382316782,0.01953810073079576,0.040702269507261336,-0.09999999999999998,0.01062560929277144
1.6,0.9,120,0.2,5,1177,181,0.15378079864061173,295,0.1016949152542373,-0.04116222760290553,0.14285714285714282,0.010923655783468905,174,0.8018433179723502,7,0.007291666666666667,43,181,812,154,30,63,0.4090909090909091,187,11,2.0,0.06826801090245382,-0.015672475675564068,0.03441602579130165,0.037566354695121845,-0.09999999999999998,0.004070928284804562
1.6,0.9,120,0.2,10,1177,178,0.15123194562446898,295,0.1016949152542373,-0.04116222760290553,0.14285714285714282,0.008374802767326162,171,0.7880184331797235,7,0.007291666666666667,46,178,805,166,28,67,0.4036144578313253,190,11,1.975,0.07417524748083026,-0.014626578483894148,0.03510550998287498,0.037409406888849424,-0.09999999999999998,0.005318879636329201
1.6,0.9,120,0.2,15,1177,177,0.1503823279524214,295,0.1016949152542373,-0.04116222760290553,0.14285714285714282,0.00752518509527858,170,0.783410138248848,7,0.007291666666666667,47,177,803,170,27,68,0.4,191,11,1.9666666666666666,0.07937897410497419,-0.008807935497373465,0.036320017316227915,0.03725802477087859,-0.09999999999999998,0.00558957852390396
1.6,0.9,120,0.25,5,1177,206,0.1750212404418012,295,0.12542372881355932,-0.017433414043583506,0.14285714285714282,0.03216409758465838,195,0.8986175115207373,11,0.011458333333333333,22,206,844,93,34,35,0.3763440860215054,162,8,2.4416666666666664,0.03911496146371263,-0.025230774730022887,0.02570257310964008,0.040209308460890415,-0.09999999999999998,0.007387845061509132
1.6,0.9,120,0.25,10,1177,205,0.17417162276975362,295,0.12203389830508475,-0.02082324455205807,0.14285714285714282,0.0313144799126108,195,0.8986175115207373,10,0.010416666666666666,22,205,842,97,33,36,0.3711340206185567,163,8,2.4166666666666665,0.04201635624266431,-0.024578208743865848,0.0261566801879467,0.0402894547847095,-0.09999999999999998,0.006326381206789005
1.6,0.9,120,0.25,15,1177,203,0.17247238742565846,295,0.1152542372881356,-0.027602905569007227,0.14285714285714282,0.029615244568515636,194,0.8940092165898618,9,0.009375,23,203,837,105,32,39,0.37142857142857144,165,8,2.35,0.04201635624266431,-0.025230774730022887,0.02664795534978004,0.03993155238091998,-0.09999999999999998,0.0032071558491673165
1.6,0.9,120,0.3,5,1177,219,0.1860662701784197,295,0.1423728813559322,-0.0004842615012106144,0.14285714285714282,0.04320912732127688,208,0.9585253456221198,11,0.011458333333333333,9,219,872,49,37,17,0.3469387755102041,149,7,2.8833333333333333,0.03244360952787595,-0.025230774730022887,0.021053284877517342,0.04044043169822392,-0.09999999999999998,0.010032294639017102
1.6,0.9,120,0.3,10,1177,218,0.18521665250637212,295,0.13898305084745763,-0.0038740920096851927,0.14285714285714282,0.0423595096492293,208,0.9585253456221198,10,0.010416666666666666,9,218,868,55,36,18,0.32727272727272727,150,7,2.8166666666666664,0.03285489890588156,-0.024578208743865848,0.021251090802158368,0.04000811293238795,-0.09999999999999998,0.008767100387405946
1.6,0.9,120,0.3,15,1177,217,0.18436703483432457,295,0.13559322033898305,-0.007263922518159771,0.14285714285714282,0.041509891977181745,207,0.9539170506912442,10,0.010416666666666666,10,217,867,57,36,19,0.3333333333333333,151,7,2.75,0.033266188283887166,-0.024578208743865848,0.02128064768601523,0.03970058735048837,-0.09999999999999998,0.0075401254386066145
1.6,0.8,60,,,1177,264,0.22429906542056074,295,0.17966101694915254,-0.0703389830508474,0.24999999999999994,-0.0257009345794392,217,1.0,47,0.04895833333333333,0,264,766,0,147,0,0.0,70,5,3.4,0.0,-0.07250432591352074,0.036992920863334056,0.006167581523948626,-0.19999999999999996,-0.026369712511120563
1.6,0.8,60,0.2,5,1177,194,0.16482582837723025,295,0.11864406779661017,-0.13135593220338976,0.24999999999999994,-0.08517417162276969,174,0.8018433179723502,20,0.020833333333333332,43,194,559,307,117,91,0.2964169381107492,139,11,2.05,0.046485370780525725,-0.03723598200446365,0.07119473399910103,0.01166486535954772,-0.14650116676076685,-0.014162443033279211
1.6,0.8,60,0.2,10,1177,189,0.16057774001699235,295,0.11864406779661017,-0.13135593220338976,0.24999999999999994,-0.0894222599830076,171,0.7880184331797235,18,0.01875,46,189,545,331,112,97,0.2930513595166163,144,11,2.0,0.05607760162063369,-0.031664939420422145,0.07431800931461652,0.011095390174972557,-0.13296576575168595,-0.012278919773445605
1.6,0.8,60,0.2,15,1177,188,0.15972812234494477,295,0.11864406779661017,-0.13135593220338976,0.24999999999999994,-0.09027187765505518,170,0.783410138248848,18,0.01875,47,188,539,345,105,98,0.28405797101449276,145,11,2.0,0.06027450986533489,-0.03282148157382003,0.07716609515414286,0.011086274028336276,-0.12740471000612197,-0.012110040354107248
1.6,0.8,60,0.25,5,1177,229,0.19456244689889549,295,0.14576271186440679,-0.10423728813559316,0.24999999999999994,-0.05543755310110446,195,0.8986175115207373,34,0.035416666666666666,22,229,619,195,134,51,0.26153846153846155,104,8,2.8333333333333335,0.008886092670637113,-0.05775247966716168,0.05357598600385183,0.01409403369152244,-0.19999999999999996,-0.013510463715758843
1.6,0.8,60,0.25,10,1177,229,0.19456244689889549,295,0.14576271186440679,-0.10423728813559316,0.24999999999999994,-0.05543755310110446,195,0.8986175115207373,34,0.035416666666666666,22,229,609,210,129,52,0.24761904761904763,104,8,2.8333333333333335,0.008886092670637113,-0.05775247966716168,0.05403529055421408,0.015299503112143741,-0.19999999999999996,-0.012811324839357593
1.6,0.8,60,0.25,15,1177,227,0.19286321155480035,295,0.1423728813559322,-0.10762711864406774,0.24999999999999994,-0.05713678844519959,194,0.8940092165898618,33,0.034375,23,227,604,219,127,54,0.2465753424657534,106,8,2.75,0.008886092670637113,-0.05775247966716168,0.05629223069171485,0.01522604122803936,-0.19999999999999996,-0.013335896415302636
1.6,0.8,60,0.3,5,1177,246,0.20900594732370434,295,0.16271186440677965,-0.0872881355932203,0.24999999999999994,-0.040994052676295606,208,0.9585253456221198,38,0.03958333333333333,9,246,672,116,143,28,0.2413793103448276,88,7,3.1083333333333334,0.0,-0.05907260422787164,0.04787997077934747,0.010340381101604918,-0.19999999999999996,-0.018935588729188782
1.6,0.8,60,0.3,10,1177,244,0.20730671197960918,295,0.16271186440677965,-0.0872881355932203,0.24999999999999994,-0.04269328802039077,208,0.9585253456221198,36,0.0375,9,244,664,130,139,30,0.23076923076923078,90,7,3.091666666666667,0.002168483911301866,-0.05775247966716168,0.04868711446006624,0.010307965798566287,-0.19999999999999996,-0.017734130285519404
1.6,0.8,60,0.3,15,1177,243,0.2064570943075616,295,0.15932203389830507,-0.09067796610169487,0.24999999999999994,-0.04354290569243835,207,0.9539170506912442,36,0.0375,10,243,657,140,137,31,0.22142857142857142,91,7,3.0833333333333335,0.004336967822603732,-0.05775247966716168,0.049554010369593504,0.01041485445666849,-0.19999999999999996,-0.01882166786957953
1.6,0.8,90,,,1177,276,0.2344944774851317,295,0.19661016949152543,-0.05338983050847451,0.24999999999999994,-0.015505522514868253,217,1.0,59,0.06145833333333333,0,276,786,0,115,0,0.0,80,5,3.8916666666666666,-0.0035337517023457665,-0.07692401426155071,0.04186486502545639,0.0076204563631714975,-0.19999999999999996,-0.018590913342646263
1.6,0.8,90,0.2,5,1177,201,0.1707731520815633,295,0.12542372881355932,-0.12457627118644063,0.24999999999999994,-0.07922684791843665,174,0.8018433179723502,27,0.028125,43,201,572,315,89,98,0.3111111111111111,154,11,2.2333333333333334,0.03244360952787595,-0.03976395876277994,0.07242869477676761,0.012511769388437018,-0.16483687876451192,-0.00938399124102993
1.6,0.8,90,0.2,10,1177,196,0.16652506372132542,295,0.12542372881355932,-0.12457627118644063,0.24999999999999994,-0.08347493627867453,171,0.7880184331797235,25,0.026041666666666668,46,196,555,343,83,105,0.30612244897959184,159,11,2.1333333333333337,0.04347399403172536,-0.03723598200446365,0.075690340994361,0.012422136985275854,-0.14785236453656125,-0.007718422817689938
1.6,0.8,90,0.2,15,1177,194,0.16482582837723025,295,0.12203389830508475,-0.12796610169491518,0.24999999999999994,-0.08517417162276969,170,0.783410138248848,24,0.025,47,194,547,358,78,107,0.2988826815642458,161,11,2.05,0.046485370780525725,-0.035579352240399764,0.07770475504377816,0.01221844162194134,-0.14250321058216253,-0.008239618520575472
1.6,0.8,90,0.25,5,1177,239,0.20305862361937127,295,0.15932203389830507,-0.09067796610169487,0.24999999999999994,-0.046941376380628674,195,0.8986175115207373,44,0.04583333333333333,22,239,635,201,102,54,0.26865671641791045,116,8,3.05,0.0,-0.06314939075715786,0.056217698343549616,0.015035160331695318,-0.19999999999999996,-0.006396506587322512
1.6,0.8,90,0.25,10,1177,238,0.20220900594732372,295,0.15593220338983052,-0.09406779661016942,0.24999999999999994,-0.04779099405267623,195,0.8986175115207373,43,0.04479166666666667,22,238,625,218,96,56,0.25688073394495414,117,8,3.025,0.0,-0.06266942706609169,0.05871813105436696,0.016062443923696174,-0.19999999999999996,-0.007033901856106571
1.6,0.8,90,0.25,15,1177,236,0.20050977060322855,295,0.15254237288135594,-0.097457627118644,0.24999999999999994,-0.04949022939677139,194,0.8940092165898618,42,0.04375,23,236,617,232,92,58,0.25,119,8,2.975,0.0,-0.06266942706609169,0.06024553408173183,0.016280228138465552,-0.19999999999999996,-0.008161859982672633
1.6,0.8,90,0.3,5,1177,257,0.2183517417162277,295,0.17966101694915254,-0.0703389830508474,0.24999999999999994,-0.03164825828377224,208,0.9585253456221198,49,0.051041666666666666,9,257,690,120,110,30,0.25,99,7,3.3833333333333333,0.0,-0.06437576709493154,0.049429520970593055,0.011587196005472129,-0.19999999999999996,-0.010746614668146153
1.6,0.8,90,0.3,10,1177,254,0.21580288870008496,295,0.17627118644067796,-0.07372881355932198,0.24999999999999994,-0.034197111299914984,208,0.9585253456221198,46,0.04791666666666667,9,254,681,135,107,33,0.24444444444444444,102,7,3.3166666666666664,0.0,-0.06266942706609169,0.05030177682400039,0.011251508343881922,-0.19999999999999996,-0.010611299109936561
1.6,0.8,90,0.3,15,1177,253,0.21495327102803738,295,0.17288135593220338,-0.07711864406779656,0.24999999999999994,-0.035046728971962565,207,0.9539170506912442,46,0.04791666666666667,10,253,673,147,104,34,0.23129251700680273,103,7,3.283333333333333,0.0,-0.06266942706609169,0.051989939374538996,0.011546373230367456,-0.19999999999999996,-0.011018000619880728
1.6,0.8,120,,,1177,282,0.23959218351741715,295,0.20677966101694914,-0.043220338983050804,0.24999999999999994,-0.010407816482582793,217,1.0,65,0.06770833333333333,0,282,807,0,88,0,0.0,86,5,4.133333333333333,-0.004046197761084169,-0.077753720148801,0.044989764615867456,0.006770761417986889,-0.19999999999999996,-0.019458388115799842
1.6,0.8,120,0.2,5,1177,204,0.17332200509770604,295,0.1288135593220339,-0.12118644067796605,0.24999999999999994,-0.0766779949022939,174,0.8018433179723502,30,0.03125,43,204,584,322,67,104,0.32298136645962733,164,11,2.2916666666666665,0.02671991954127728,-0.0414313571333641,0.07362903749948835,0.010635873233863214,-0.18789051317426508,-0.013605103049550071
1.6,0.8,120,0.2,10,1177,199,0.16907391673746813,295,0.1288135593220339,-0.12118644067796605,0.24999999999999994,-0.08092608326253181,171,0.7880184331797235,28,0.029166666666666667,46,199,565,350,63,112,0.32,169,11,2.2,0.036213566684760945,-0.03813271149576647,0.07606840689253946,0.010904147843590393,-0.15691382245763696,-0.011226837552806034
1.6,0.8,120,0.2,15,1177,197,0.16737468139337297,295,0.12542372881355932,-0.12457627118644063,0.24999999999999994,-0.08262531860662697,170,0.783410138248848,27,0.028125,47,197,556,364,60,114,0.3131868131868132,171,11,2.2,0.04201635624266431,-0.03723598200446365,0.07761157754847292,0.010983285411601507,-0.15073821818554456,-0.011420471639735454
1.6,0.8,120,0.25,5,1177,244,0.20730671197960918,295,0.1694915254237288,-0.08050847457627114,0.24999999999999994,-0.04269328802039077,195,0.8986175115207373,49,0.051041666666666666,22,244,652,202,79,58,0.2871287128712871,124,8,3.091666666666667,0.0,-0.06437576709493154,0.05677695993908727,0.013562248734131487,-0.19999999999999996,-0.00789285550652265
1.6,0.8,120,0.25,10,1177,243,0.2064570943075616,295,0.16610169491525423,-0.08389830508474572,0.24999999999999994,-0.04354290569243835,195,0.8986175115207373,48,0.05,22,243,640,220,74,60,0.2727272727272727,125,8,3.0833333333333335,0.0,-0.06314939075715786,0.059143680529041176,0.014610381184034764,-0.19999999999999996,-0.008530250775306707
1.6,0.8,120,0.25,15,1177,240,0.20390824129141885,295,0.15932203389830507,-0.09067796610169487,0.24999999999999994,-0.04609175870858109,194,0.8940092165898618,46,0.04791666666666667,23,240,631,234,72,64,0.27350427350427353,128,8,3.0666666666666664,0.0,-0.06314939075715786,0.06024553408173183,0.014595993985329389,-0.19999999999999996,-0.010759694877015443
1.6,0.8,120,0.3,5,1177,263,0.22344944774851316,295,0.18983050847457628,-0.06016949152542367,0.24999999999999994,-0.02655055225148678,208,0.9585253456221198,55,0.057291666666666664,9,263,710,121,83,30,0.24793388429752067,105,7,3.6166666666666667,0.0,-0.06932314558298536,0.049954333287989705,0.010323505595260025,-0.19999999999999996,-0.012398990606365465
1.6,0.8,120,0.3,10,1177,260,0.22090059473237042,295,0.1864406779661017,-0.06355932203389825,0.24999999999999994,-0.029099405267629525,208,0.9585253456221198,52,0.05416666666666667,9,260,699,136,82,34,0.25,108,7,3.4749999999999996,0.0,-0.06437576709493154,0.05146399578038796,0.009966306977998168,-0.19999999999999996,-0.012107648029136697
1.6,0.8,120,0.3,15,1177,259,0.22005097706032287,295,0.18305084745762712,-0.06694915254237283,0.24999999999999994,-0.029949022939677078,207,0.9539170506912442,52,0.05416666666666667,10,259,691,148,79,36,0.24324324324324326,109,7,3.4166666666666665,0.0,-0.06437576709493154,0.05266243050209285,0.010093190035887553,-0.19999999999999996,-0.012514349539080866
1.6,0.75,60,,,1177,282,0.23959218351741715,295,0.19322033898305085,-0.10089730807577263,0.2941176470588235,-0.05452546354140633,217,1.0,65,0.06770833333333333,0,282,707,0,188,0,0.0,53,4,3.783333333333333,-0.004504472538899074,-0.09073299210887342,0.037184539958676543,-0.009893028842170264,-0.25,-0.042842751479085846
1.6,0.75,60,0.2,5,1177,198,0.16822429906542055,295,0.12203389830508475,-0.17208374875373872,0.2941176470588235,-0.12589334799340293,174,0.8018433179723502,24,0.025,43,198,459,387,133,102,0.26356589147286824,136,10,2.05,0.03911496146371263,-0.040173941825869974,0.07889814406118001,-0.0004374775870734321,-0.11397100388446268,-0.023431548792767206
1.6,0.75,60,0.2,10,1177,193,0.16397621070518267,295,0.12203389830508475,-0.17208374875373872,0.2941176470588235,-0.1301414363536408,171,0.7880184331797235,22,0.022916666666666665,46,193,443,417,124,107,0.2565947242206235,141,10,2.0,0.04803910974026504,-0.03723598200446365,0.08263676936446507,-0.0004493288410825877,-0.10839310399642987,-0.02072848732874825
1.6,0.75,60,0.2,15,1177,192,0.1631265930331351,295,0.12203389830508475,-0.17208374875373872,0.2941176470588235,-0.1309910540256884,170,0.783410138248848,22,0.022916666666666665,47,192,437,434,114,108,0.2488479262672811,142,10,2.0,0.05146909473101635,-0.03813271149576647,0.08379279281039254,-0.00017480671843846544,-0.1060075909289857,-0.020356185190354592
1.6,0.75,60,0.25,5,1177,238,0.20220900594732372,295,0.15254237288135594,-0.14157527417746754,0.2941176470588235,-0.09190864111149977,195,0.8986175115207373,43,0.04479166666666667,22,238,520,255,164,58,0.22745098039215686,96,7,2.9333333333333336,0.0,-0.07250432591352074,0.06387643722575387,0.002557592375367098,-0.15780122392859863,-0.021961117186316007
1.6,0.75,60,0.25,10,1177,236,0.20050977060322855,295,0.15254237288135594,-0.14157527417746754,0.2941176470588235,-0.09360787645559493,195,0.8986175115207373,41,0.042708333333333334,22,236,507,277,157,60,0.21660649819494585,98,7,2.9,0.0,-0.06932314558298536,0.07035212813144454,0.0030113302378504472,-0.1498075967349295,-0.02072174563326174
1.6,0.75,60,0.25,15,1177,234,0.1988105352591334,295,0.14915254237288136,-0.14496510468594212,0.2941176470588235,-0.09530711179969009,194,0.8940092165898618,40,0.041666666666666664,23,234,503,287,153,62,0.21602787456445993,100,7,2.8583333333333334,0.0,-0.0661722620207611,0.07272026237282525,0.0031493880307288348,-0.14715362659207099,-0.021173475584646922
1.6,0.75,60,0.3,5,1177,257,0.2183517417162277,295,0.17288135593220338,-0.1212362911266201,0.2941176470588235,-0.07576590534259578,208,0.9585253456221198,49,0.051041666666666666,9,257,579,165,176,35,0.21212121212121213,78,6,3.283333333333333,0.0,-0.07692401426155071,0.05258915673539144,-0.0029145509858692557,-0.23256181923445995,-0.027457001467707767
1.6,0.75,60,0.3,10,1177,255,0.21665250637213254,295,0.17288135593220338,-0.1212362911266201,0.2941176470588235,-0.07746514068669094,208,0.9585253456221198,47,0.04895833333333333,9,255,566,186,170,37,0.1989247311827957,80,6,3.216666666666667,0.0,-0.07497141200017365,0.05376622393981767,-0.0023836157612267496,-0.21669848904214917,-0.025828227550218557
1.6,0.75,60,0.3,15,1177,254,0.21580288870008496,295,0.1694915254237288,-0.12462612163509468,0.2941176470588235,-0.07831475835873852,207,0.9539170506912442,47,0.04895833333333333,10,254,560,197,166,38,0.19289340101522842,81,6,3.1916666666666664,0.0,-0.07497141200017365,0.05614316599538438,-0.002174876815161272,-0.2071254557815253,-0.02695957469566984
1.6,0.75,90,,,1177,294,0.2497875955819881,295,0.21016949152542372,-0.08394815553339977,0.2941176470588235,-0.044330051476835386,217,1.0,77,0.08020833333333334,0,294,740,0,143,0,0.0,63,4,4.15,-0.006907837988399945,-0.09380358885623574,0.04637445030837961,-0.010279286669276657,-0.25,-0.03774582154860822
1.6,0.75,90,0.2,5,1177,205,0.17417162276975362,295,0.1288135593220339,-0.1653040877367896,0.2941176470588235,-0.11994602428906986,174,0.8018433179723502,31,0.03229166666666667,43,205,474,399,99,111,0.2781954887218045,151,10,2.2333333333333334,0.02160184382769037,-0.04331817415497463,0.08247166130438455,0.00015048914869785334,-0.13296576575168595,-0.019390929668164865
1.6,0.75,90,0.2,10,1177,200,0.16992353440951571,295,0.1288135593220339,-0.1653040877367896,0.2941176470588235,-0.12419411264930777,171,0.7880184331797235,29,0.030208333333333334,46,200,454,432,91,117,0.2708333333333333,156,10,2.1333333333333337,0.03432858810631845,-0.040173941825869974,0.08362251489064088,0.000489720462155348,-0.12020894856480657,-0.016736331515215794
1.6,0.75,90,0.2,15,1177,198,0.16822429906542055,295,0.12542372881355932,-0.16869391824526417,0.2941176470588235,-0.12589334799340293,170,0.783410138248848,28,0.029166666666666667,47,198,445,450,84,119,0.2644444444444444,158,10,2.05,0.03911496146371263,-0.03976395876277994,0.08561029858702618,0.0006272269141016433,-0.11860496756949157,-0.01706294747521606
1.6,0.75,90,0.25,5,1177,248,0.2107051826677995,295,0.16610169491525423,-0.12801595214356926,0.2941176470588235,-0.08341246439102398,195,0.8986175115207373,53,0.05520833333333333,22,248,544,263,122,62,0.23574144486692014,108,7,3.091666666666667,0.0,-0.07544821332007412,0.07057040099112744,0.00277045222415376,-0.17383390049789882,-0.016372105703753907
1.6,0.75,90,0.25,10,1177,245,0.20815632965165676,295,0.16271186440677965,-0.13140578265204383,0.2941176470588235,-0.08596131740716673,195,0.8986175115207373,50,0.052083333333333336,22,245,528,288,116,65,0.22569444444444445,111,7,3.0833333333333335,0.0,-0.06993411258149129,0.07362903749948835,0.0033377080674091733,-0.16691879035386414,-0.016469268295884947
1.6,0.75,90,0.25,15,1177,243,0.2064570943075616,295,0.15932203389830507,-0.1347956131605184,0.2941176470588235,-0.08766055275126189,194,0.8940092165898618,49,0.051041666666666666,23,243,520,304,110,67,0.22039473684210525,113,7,3.05,0.0,-0.06993411258149129,0.07761157754847292,0.003989696579168596,-0.161270444876492,-0.017382244486787973
1.6,0.75,90,0.3,5,1177,268,0.22769753610875107,295,0.18983050847457628,-0.10428713858424721,0.2941176470588235,-0.06642011095007241,208,0.9585253456221198,60,0.0625,9,268,605,172,132,38,0.22093023255813954,89,6,3.591666666666667,-0.0026417540463969935,-0.07794603069283734,0.05614316599538438,-0.002572088059854837,-0.25,-0.020985119374988353
1.6,0.75,90,0.3,10,1177,265,0.22514868309260833,295,0.1864406779661017,-0.10767696909272179,0.2941176470588235,-0.06896896396621516,208,0.9585253456221198,57,0.059375,9,265,590,194,128,41,0.211340206185567,92,6,3.533333333333333,0.0,-0.07692401426155071,0.05947649000778743,-0.002117934393605014,-0.25,-0.01981235873527796
1.6,0.75,90,0.3,15,1177,264,0.22429906542056074,295,0.18305084745762712,-0.11106679960119636,0.2941176470588235,-0.06981858163826274,207,0.9539170506912442,57,0.059375,10,264,581,208,124,42,0.20192307692307693,93,6,3.4749999999999996,0.0,-0.077753720148801,0.0608730288085364,-0.0016124593787067208,-0.22711439771881392,-0.020708204306165826
1.6,0.75,120,,,1177,301,0.25573491928632114,295,0.22033898305084745,-0.07377866400797603,0.2941176470588235,-0.038382727772502345,217,1.0,84,0.0875,0,301,762,0,114,0,0.0,68,4,4.283333333333333,-0.008807935497373465,-0.09678754858497507,0.04796944145479931,-0.011284340181499639,-0.25,-0.040243585935277694
1.6,0.75,120,0.2,5,1177,208,0.17672047578589634,295,0.13220338983050847,-0.161914257228315,0.2941176470588235,-0.11739717127292715,174,0.8018433179723502,34,0.035416666666666666,43,208,487,406,76,118,0.29064039408866993,161,10,2.2916666666666665,0.020503066713465357,-0.04753872017394645,0.08247166130438455,-0.0020840432722518515,-0.1379852799574658,-0.02462537493642015
1.6,0.75,120,0.2,10,1177,203,0.17247238742565846,295,0.13220338983050847,-0.161914257228315,0.2941176470588235,-0.12164525963316503,171,0.7880184331797235,32,0.03333333333333333,46,203,463,441,70,125,0.2834467120181406,166,10,2.2,0.03183799525486419,-0.0414313571333641,0.08322248931333154,-0.0016060910829717545,-0.12509820142671513,-0.02108858818464331
1.6,0.75,120,0.2,15,1177,201,0.1707731520815633,295,0.1288135593220339,-0.1653040877367896,0.2941176470588235,-0.12334449497726019,170,0.783410138248848,31,0.03229166666666667,47,201,454,458,64,127,0.27729257641921395,168,10,2.2,0.03244360952787595,-0.040173941825869974,0.084390834844279,-0.001193689322211036,-0.12020894856480657,-0.0211444271852672
1.6,0.75,120,0.25,5,1177,253,0.21495327102803738,295,0.17627118644067796,-0.11784646061814552,0.2941176470588235,-0.0791643760307861,195,0.8986175115207373,58,0.06041666666666667,22,253,561,265,98,66,0.2490566037735849,116,7,3.1666666666666665,0.0,-0.07544821332007412,0.06907608087397221,0.0008622996494062722,-0.1888017857242844,-0.018580877724705163
1.6,0.75,120,0.25,10,1177,250,0.21240441801189464,295,0.17288135593220338,-0.1212362911266201,0.2941176470588235,-0.08171322904692885,195,0.8986175115207373,55,0.057291666666666664,22,250,545,291,91,69,0.23711340206185566,119,7,3.1083333333333334,0.0,-0.07250432591352074,0.07272026237282525,0.0014605335454170928,-0.18130166755294896,-0.018678040316836203
1.6,0.75,120,0.25,15,1177,247,0.20985556499575192,295,0.16610169491525423,-0.12801595214356926,0.2941176470588235,-0.08426208206307156,194,0.8940092165898618,53,0.05520833333333333,23,247,536,307,87,73,0.23778501628664495,122,7,3.0833333333333335,0.0,-0.07250432591352074,0.07681379025511803,0.0018767203339823079,-0.1726166818690974,-0.020723303370868442
1.6,0.75,120,0.3,5,1177,275,0.2336448598130841,295,0.2,-0.09411764705882347,0.2941176470588235,-0.06047278724573937,208,0.9585253456221198,67,0.06979166666666667,9,275,624,173,105,38,0.21965317919075145,94,6,3.9166666666666665,-0.004023501544759278,-0.0800426162142508,0.057261689186459686,-0.0037439145467478264,-0.25,-0.023643142930857647
1.6,0.75,120,0.3,10,1177,271,0.23024638912489379,295,0.19661016949152543,-0.09750747756729805,0.2941176470588235,-0.0638712579339297,208,0.9585253456221198,63,0.065625,9,271,608,195,103,42,0.2153846153846154,98,6,3.7,-0.003458355750816877,-0.07794603069283734,0.05956923000371539,-0.003933499288350221,-0.25,-0.022207501438512273
1.6,0.75,120,0.3,15,1177,270,0.22939677145284623,295,0.19322033898305085,-0.10089730807577263,0.2941176470588235,-0.06472087560597725,207,0.9539170506912442,63,0.065625,10,270,599,209,99,44,0.21052631578947367,99,6,3.658333333333333,-0.0026417540463969935,-0.07794603069283734,0.06055928144513412,-0.0036037259507787746,-0.25,-0.023134147897386676
1.6,0.7,60,,,1177,298,0.2531860662701784,295,0.21016949152542372,-0.1231638418079096,0.3333333333333333,-0.08014726706315489,217,1.0,81,0.084375,0,298,652,0,227,0,0.0,38,2,4.133333333333333,-0.014785121823037262,-0.11622682707687826,0.043701985038792635,-0.02316050956459443,-0.30000000000000004,-0.053138226313157705
1.6,0.7,60,0.2,5,1177,200,0.16992353440951571,295,0.12203389830508475,-0.21129943502824855,0.3333333333333333,-0.1634097989238176,174,0.8018433179723502,26,0.027083333333333334,43,200,355,475,147,113,0.23789473684210527,135,9,2.05,0.03432858810631845,-0.04331817415497463,0.0884538321356042,-0.006560826847844298,-0.09806242405470655,-0.027790404723937186
1.6,0.7,60,0.2,10,1177,195,0.16567544604927784,295,0.12203389830508475,-0.21129943502824855,0.3333333333333333,-0.16765788728405548,171,0.7880184331797235,24,0.025,46,195,343,503,136,118,0.2345924453280318,140,9,2.0,0.04493163182078641,-0.03976395876277994,0.09010771909597559,-0.0061824686163282645,-0.09439677251393563,-0.024302554201002583
1.6,0.7,60,0.2,15,1177,194,0.16482582837723025,295,0.12203389830508475,-0.21129943502824855,0.3333333333333333,-0.16850750495610306,170,0.783410138248848,24,0.025,47,194,337,524,122,119,0.22709923664122136,141,9,2.0,0.046485370780525725,-0.03976395876277994,0.09137669404669357,-0.005903570473145763,-0.09423040948276551,-0.024788115559351533
1.6,0.7,60,0.25,5,1177,242,0.205607476635514,295,0.15254237288135594,-0.18079096045197737,0.3333333333333333,-0.1277258566978193,195,0.8986175115207373,47,0.04895833333333333,22,242,415,337,183,69,0.20474777448071216,93,6,2.975,0.0,-0.07794603069283734,0.07990132887655332,-0.006904342659596151,-0.12820141167140875,-0.032267564130451634
1.6,0.7,60,0.25,10,1177,239,0.20305862361937127,295,0.15254237288135594,-0.18079096045197737,0.3333333333333333,-0.13027470971396204,195,0.8986175115207373,44,0.04583333333333333,22,239,399,367,172,72,0.19618528610354224,96,6,2.9166666666666665,0.0,-0.07497141200017365,0.08362251489064088,-0.006356700286725715,-0.1253522062135769,-0.02920057867175854
1.6,0.7,60,0.25,15,1177,237,0.20135938827527614,295,0.14915254237288136,-0.18418079096045195,0.3333333333333333,-0.13197394505805718,194,0.8940092165898618,43,0.04479166666666667,23,237,386,387,167,74,0.19121447028423771,98,6,2.8833333333333333,0.0,-0.07250432591352074,0.08561029858702618,-0.005805257694645036,-0.12348656335308905,-0.028801909038708134
1.6,0.7,60,0.3,5,1177,263,0.22344944774851316,295,0.17627118644067796,-0.15706214689265535,0.3333333333333333,-0.10988388558482015,208,0.9585253456221198,55,0.057291666666666664,9,263,493,216,205,45,0.20833333333333334,73,5,3.35,0.0,-0.0806044938270789,0.061577227268069246,-0.014104927346170408,-0.17460968127056753,-0.03850344261578691
1.6,0.7,60,0.3,10,1177,261,0.221750212404418,295,0.17627118644067796,-0.15706214689265535,0.3333333333333333,-0.11158312092891531,208,0.9585253456221198,53,0.05520833333333333,9,261,470,251,195,47,0.18725099601593626,75,5,3.283333333333333,0.0,-0.07872143057704373,0.07242869477676761,-0.012901414229371374,-0.16715194628039642,-0.03521250457567816
1.6,0.7,60,0.3,15,1177,260,0.22090059473237042,295,0.17288135593220338,-0.16045197740112993,0.3333333333333333,-0.1124327386009629,207,0.9539170506912442,53,0.05520833333333333,10,260,464,264,189,48,0.18181818181818182,76,5,3.25,0.0,-0.0800426162142508,0.07553001764260592,-0.01257369938569635,-0.16677985759099534,-0.03619773626659504
1.6,0.7,90,,,1177,312,0.2650807136788445,295,0.2271186440677966,-0.1062146892655367,0.3333333333333333,-0.06825261965448881,217,1.0,95,0.09895833333333333,0,312,680,0,185,0,0.0,46,2,4.6,-0.016615720364162312,-0.12073586841631234,0.05030177682400039,-0.024891536802922137,-0.30000000000000004,-0.05045638498040304
1.6,0.7,90,0.2,5,1177,207,0.17587085811384875,295,0.1288135593220339,-0.20451977401129942,0.3333333333333333,-0.15746247521948456,174,0.8018433179723502,33,0.034375,43,207,365,487,118,123,0.25256673511293637,150,9,2.2333333333333334,0.0205175795742496,-0.04776935022524276,0.0914548534899915,-0.006921394230166556,-0.11036416716585318,-0.025391710020885194
1.6,0.7,90,0.2,10,1177,202,0.17162276975361088,295,0.1288135593220339,-0.20451977401129942,0.3333333333333333,-0.16171056357972244,171,0.7880184331797235,31,0.03229166666666667,46,202,351,518,106,129,0.24903474903474904,155,9,2.1333333333333337,0.03214080239137007,-0.0414313571333641,0.09153301293328941,-0.005894484784470317,-0.10583521079399305,-0.02178283128359675
1.6,0.7,90,0.2,15,1177,200,0.16992353440951571,295,0.12542372881355932,-0.207909604519774,0.3333333333333333,-0.1634097989238176,170,0.783410138248848,30,0.03125,47,200,343,540,94,131,0.24259259259259258,157,9,2.05,0.03432858810631845,-0.0414313571333641,0.09213022467642773,-0.0054028733198788455,-0.10381888419758956,-0.021889244202911485
1.6,0.7,90,0.25,5,1177,252,0.2141036533559898,295,0.16610169491525423,-0.1672316384180791,0.3333333333333333,-0.11922967997734352,195,0.8986175115207373,57,0.059375,22,252,430,345,150,75,0.21739130434782608,105,6,3.1083333333333334,-0.0009125761709885549,-0.07872143057704373,0.08561029858702618,-0.008004881960969509,-0.1474755907447356,-0.02878589589035653
1.6,0.7,90,0.25,10,1177,248,0.2107051826677995,295,0.16271186440677965,-0.17062146892655367,0.3333333333333333,-0.12262815066553381,195,0.8986175115207373,53,0.05520833333333333,22,248,410,380,139,79,0.20789473684210527,109,6,3.0833333333333335,0.0,-0.07692401426155071,0.08675591063803001,-0.007142716387865177,-0.14336638274411484,-0.027055444576848747
1.6,0.7,90,0.25,15,1177,246,0.20900594732370434,295,0.15932203389830507,-0.17401129943502824,0.3333333333333333,-0.12432738600962898,194,0.8940092165898618,52,0.05416666666666667,23,246,395,405,131,82,0.20246913580246914,111,6,3.0666666666666664,0.0,-0.07497141200017365,0.0884538321356042,-0.005845192317260561,-0.14167045369145026,-0.02694852965789246
1.6,0.7,90,0.3,5,1177,275,0.2336448598130841,295,0.19322033898305085,-0.14011299435028246,0.3333333333333333,-0.0996884735202492,208,0.9585253456221198,67,0.06979166666666667,9,275,511,223,168,48,0.21524663677130046,83,5,3.7,-0.0040688939774090604,-0.08124978325647936,0.07362903749948835,-0.014924188957999638,-0.19663755396292804,-0.03317285494890346
1.6,0.7,90,0.3,10,1177,271,0.23024638912489379,295,0.18983050847457628,-0.14350282485875704,0.3333333333333333,-0.10308694420843953,208,0.9585253456221198,63,0.065625,9,271,486,259,161,52,0.20077220077220076,87,5,3.566666666666667,-0.003609147653874656,-0.0806044938270789,0.07964324426717728,-0.01405147809750277,-0.18366205913267197,-0.030740888869911578
1.6,0.7,90,0.3,15,1177,270,0.22939677145284623,295,0.1864406779661017,-0.14689265536723162,0.3333333333333333,-0.10393656188048708,207,0.9539170506912442,63,0.065625,10,270,478,275,154,54,0.19636363636363635,88,5,3.55,-0.0035337517023457665,-0.0806044938270789,0.08299274165577386,-0.013205874748144992,-0.18103656340928653,-0.03149061898626505
1.6,0.7,120,,,1177,319,0.27102803738317754,295,0.23728813559322035,-0.09604519774011297,0.3333333333333333,-0.06230529595015577,217,1.0,102,0.10625,0,319,711,0,147,0,0.0,51,2,4.716666666666667,-0.016691372864352072,-0.12454375473617019,0.05251588296869003,-0.027717978645449084,-0.30000000000000004,-0.05422653019016149
1.6,0.7,120,0.2,5,1177,210,0.1784197111299915,295,0.13220338983050847,-0.20112994350282484,0.3333333333333333,-0.15491362220334182,174,0.8018433179723502,36,0.0375,43,210,381,495,91,131,0.26464646464646463,160,9,2.2916666666666665,0.017865366994559206,-0.04776935022524276,0.09106040326952047,-0.009610583676648668,-0.11397100388446268,-0.03101500137394858
1.6,0.7,120,0.2,10,1177,205,0.17417162276975362,295,0.13220338983050847,-0.20112994350282484,0.3333333333333333,-0.1591617105635797,171,0.7880184331797235,34,0.035416666666666666,46,205,363,527,82,138,0.2618595825426945,165,9,2.2,0.02160184382769037,-0.043126598467369215,0.09106040326952047,-0.008292523770194692,-0.11025380965031695,-0.02635444251240863
1.6,0.7,120,0.2,15,1177,203,0.17247238742565846,295,0.1288135593220339,-0.20451977401129942,0.3333333333333333,-0.16086094590767486,170,0.783410138248848,33,0.034375,47,203,353,548,73,140,0.25547445255474455,167,9,2.2,0.03183799525486419,-0.043126598467369215,0.09137669404669357,-0.0074642430029682365,-0.1060075909289857,-0.026190078472346997
1.6,0.7,120,0.25,5,1177,257,0.2183517417162277,295,0.17627118644067796,-0.15706214689265535,0.3333333333333333,-0.11498159161710561,195,0.8986175115207373,62,0.06458333333333334,22,257,453,348,119,80,0.22988505747126436,113,6,3.1666666666666665,-0.003458355750816877,-0.07872143057704373,0.08345223697088922,-0.010733843731089283,-0.1624962988943105,-0.03115912785530337
1.6,0.7,120,0.25,10,1177,253,0.21495327102803738,295,0.17288135593220338,-0.16045197740112993,0.3333333333333333,-0.11838006230529594,195,0.8986175115207373,58,0.06041666666666667,22,253,430,385,109,84,0.21818181818181817,117,6,3.1166666666666667,0.0,-0.07692401426155071,0.08642337423734725,-0.009559966367490149,-0.15780122392859863,-0.029428676541795592
1.6,0.7,120,0.25,15,1177,250,0.21240441801189464,295,0.16610169491525423,-0.1672316384180791,0.3333333333333333,-0.12092891532143868,194,0.8940092165898618,56,0.058333333333333334,23,250,413,411,103,90,0.21897810218978103,120,6,3.091666666666667,0.0,-0.07692401426155071,0.0865263482965335,-0.008398807120748244,-0.15084100889009266,-0.03045404848596852
1.6,0.7,120,0.3,5,1177,282,0.23959218351741715,295,0.2033898305084746,-0.12994350282485873,0.3333333333333333,-0.09374114981591616,208,0.9585253456221198,74,0.07708333333333334,9,282,539,225,131,49,0.21777777777777776,88,5,3.9916666666666667,-0.004720643734016539,-0.0830238643025677,0.07362903749948835,-0.017531194273899712,-0.22072545021968204,-0.03649338383349098
1.6,0.7,120,0.3,10,1177,277,0.23534409515717927,295,0.2,-0.1333333333333333,0.3333333333333333,-0.09798923817615404,208,0.9585253456221198,69,0.071875,9,277,512,261,127,55,0.210727969348659,93,5,3.8666666666666667,-0.0040688939774090604,-0.08084010771955996,0.07770475504377816,-0.017220142863331782,-0.20304603315754632,-0.03371164654536932
1.6,0.7,120,0.3,15,1177,276,0.2344944774851317,295,0.19661016949152543,-0.13672316384180788,0.3333333333333333,-0.09883885584820162,207,0.9539170506912442,69,0.071875,10,276,504,277,120,57,0.20577617328519857,94,5,3.783333333333333,-0.004046197761084169,-0.08124978325647936,0.07964324426717728,-0.016514911616068623,-0.19889242344535352,-0.034492177549709326
1.8,0.9,60,,,1177,175,0.14868309260832624,295,0.10508474576271186,-0.006026365348399218,0.11111111111111108,0.03757198149721516,175,0.8064516129032258,0,0.0,42,175,917,0,85,0,0.0,90,5,3.966666666666667,0.03183799525486419,-0.027010945670487674,0.02303071113156885,0.04698529719531163,-0.09999999999999998,0.00848359088890886
1.8,0.9,60,0.2,5,1177,125,0.10620220900594732,295,0.0711864406779661,-0.039924670433144974,0.11111111111111108,-0.004908902105163759,125,0.576036866359447,0,0.0,92,125,795,194,63,62,0.31958762886597936,139,10,2.3,0.08255676709604054,-0.005928211024306074,0.044989764615867456,0.04687645584130803,-0.09999999999999998,0.012132810263114186
1.8,0.9,60,0.2,10,1177,123,0.10450297366185217,295,0.0711864406779661,-0.039924670433144974,0.11111111111111108,-0.006608137449258908,123,0.5668202764976958,0,0.0,94,123,790,203,61,64,0.31527093596059114,141,10,2.2333333333333334,0.08381322282027859,-0.005928211024306074,0.04554705386051472,0.04665487013224436,-0.09999999999999998,0.0131007130088193
1.8,0.9,60,0.2,15,1177,122,0.10365335598980459,295,0.0711864406779661,-0.039924670433144974,0.11111111111111108,-0.007457755121306489,122,0.5622119815668203,0,0.0,95,122,790,207,58,65,0.3140096618357488,142,10,2.216666666666667,0.08891056734662406,-0.00489706687083491,0.04566520142878017,0.04623230945893583,-0.09999999999999998,0.013037282895622403
1.8,0.9,60,0.25,5,1177,146,0.12404418011894647,295,0.08813559322033898,-0.022975517890772096,0.11111111111111108,0.01293306900783539,146,0.6728110599078341,0,0.0,71,146,827,130,74,41,0.3153846153846154,119,6,2.95,0.06138070282412722,-0.01777065354002405,0.036320017316227915,0.04816869647066736,-0.09999999999999998,0.0131392775963773
1.8,0.9,60,0.25,10,1177,146,0.12404418011894647,295,0.08813559322033898,-0.022975517890772096,0.11111111111111108,0.01293306900783539,146,0.6728110599078341,0,0.0,71,146,824,138,69,41,0.2971014492753623,119,6,2.95,0.06138070282412722,-0.01777065354002405,0.03712191678536647,0.04903147826129642,-0.09999999999999998,0.013468807701214546
1.8,0.9,60,0.25,15,1177,145,0.1231945624468989,295,0.0847457627118644,-0.026365348399246674,0.11111111111111108,0.012083451335787823,145,0.6682027649769585,0,0.0,72,145,822,143,67,42,0.2937062937062937,120,6,2.9166666666666665,0.06553440668686572,-0.01777065354002405,0.03768186796372652,0.04878222467353524,-0.09999999999999998,0.01156985669430568
1.8,0.9,60,0.3,5,1177,160,0.13593882752761258,295,0.1016949152542373,-0.009416195856873782,0.11111111111111108,0.0248277164165015,160,0.7373271889400922,0,0.0,57,160,853,86,78,24,0.27906976744186046,105,6,3.666666666666667,0.055488340671200675,-0.019100228422283094,0.03161478298275355,0.04804478590279172,-0.09999999999999998,0.01467657410415608
1.8,0.9,60,0.3,10,1177,159,0.135089209855565,295,0.1016949152542373,-0.009416195856873782,0.11111111111111108,0.02397809874445392,159,0.7327188940092166,0,0.0,58,159,848,95,75,25,0.2631578947368421,106,6,3.6333333333333333,0.05489907972176766,-0.019100228422283094,0.032430055256277734,0.04838678470777929,-0.09999999999999998,0.01562770365128923
1.8,0.9,60,0.3,15,1177,158,0.13423959218351741,295,0.09830508474576272,-0.01280602636534836,0.11111111111111108,0.023128481072406337,158,0.728110599078341,0,0.0,59,158,848,97,74,26,0.26804123711340205,107,6,3.625,0.055488340671200675,-0.019100228422283094,0.03333358552079746,0.047823654502375704,-0.09999999999999998,0.013380909577526487
1.8,0.9,90,,,1177,180,0.15293118096856415,295,0.1152542372881356,0.004143126177024517,0.11111111111111108,0.04182006985745307,177,0.815668202764977,3,0.003125,40,180,935,0,62,0,0.0,102,5,4.15,0.02206767365319784,-0.03282148157382003,0.026647810300733488,0.04930589502439056,-0.09999999999999998,0.015920567145275046
1.8,0.9,90,0.2,5,1177,127,0.10790144435004248,295,0.0711864406779661,-0.039924670433144974,0.11111111111111108,-0.003209666761068597,125,0.576036866359447,2,0.0020833333333333333,92,127,808,197,45,67,0.3401015228426396,154,10,2.4,0.08154637981915491,-0.008218343660141403,0.04554705386051472,0.047697624211793556,-0.09999999999999998,0.0145587562573925
1.8,0.9,90,0.2,10,1177,125,0.10620220900594732,295,0.0711864406779661,-0.039924670433144974,0.11111111111111108,-0.004908902105163759,123,0.5668202764976958,2,0.0020833333333333333,94,125,801,208,43,69,0.3317307692307692,156,10,2.3,0.08255676709604054,-0.006000604004839261,0.04566520142878017,0.04758391224449211,-0.09999999999999998,0.015218402091610267
1.8,0.9,90,0.2,15,1177,124,0.10535259133389975,295,0.0711864406779661,-0.039924670433144974,0.11111111111111108,-0.005758519777211327,122,0.5622119815668203,2,0.0020833333333333333,95,124,799,212,42,70,0.330188679245283,157,10,2.2666666666666666,0.08318499495815956,-0.006000604004839261,0.046362879207722196,0.04729043753632251,-0.09999999999999998,0.015600141729476746
1.8,0.9,90,0.25,5,1177,149,0.1265930331350892,295,0.09152542372881356,-0.019585687382297517,0.11111111111111108,0.015481922023978134,146,0.6728110599078341,3,0.003125,71,149,842,132,54,44,0.3333333333333333,133,6,3.0,0.05607760162063369,-0.019100228422283094,0.03730331866733283,0.05002070158583721,-0.09999999999999998,0.019162901799289724
1.8,0.9,90,0.25,10,1177,148,0.12574341546304163,295,0.08813559322033898,-0.022975517890772096,0.11111111111111108,0.014632304351930553,146,0.6728110599078341,2,0.0020833333333333333,71,148,839,139,51,45,0.3237410071942446,134,6,2.9916666666666667,0.056652300291011204,-0.019100228422283094,0.03779213852181795,0.05044095795736964,-0.09999999999999998,0.017477931657246745
1.8,0.9,90,0.25,15,1177,147,0.12489379779099405,295,0.0847457627118644,-0.026365348399246674,0.11111111111111108,0.013782686679882972,145,0.6682027649769585,2,0.0020833333333333333,72,147,835,146,49,46,0.3150684931506849,135,6,2.9833333333333334,0.05607760162063369,-0.019100228422283094,0.03833782214526904,0.05017428203952702,-0.09999999999999998,0.014821347000688144
1.8,0.9,90,0.3,5,1177,163,0.13848768054375532,295,0.10508474576271186,-0.006026365348399218,0.11111111111111108,0.027376569432644243,160,0.7373271889400922,3,0.003125,57,163,869,87,58,27,0.3103448275862069,119,6,3.716666666666667,0.04803910974026504,-0.02039861788410946,0.03355456560762127,0.04991594876285179,-0.09999999999999998,0.02046523267174622
1.8,0.9,90,0.3,10,1177,161,0.13678844519966016,295,0.1016949152542373,-0.009416195856873782,0.11111111111111108,0.02567733408854908,159,0.7327188940092166,2,0.0020833333333333333,58,161,864,96,56,29,0.3020833333333333,121,6,3.7,0.04803910974026504,-0.019100228422283094,0.03441602579130165,0.049482249752370464,-0.09999999999999998,0.01929497458405293
1.8,0.9,90,0.3,15,1177,160,0.13593882752761258,295,0.09830508474576272,-0.01280602636534836,0.11111111111111108,0.0248277164165015,158,0.728110599078341,2,0.0020833333333333333,59,160,863,98,56,30,0.30612244897959184,122,6,3.666666666666667,0.05146909473101635,-0.02039861788410946,0.03455997841909575,0.04900480063606137,-0.09999999999999998,0.017390033533558686
1.8,0.9,120,,,1177,187,0.1588785046728972,295,0.11864406779661017,0.007532956685499095,0.11111111111111108,0.04776739356178611,179,0.8248847926267281,8,0.008333333333333333,38,187,945,0,45,0,0.0,111,5,4.35,0.0152421801364373,-0.035579352240399764,0.026963910607971986,0.05045430723799279,-0.09999999999999998,0.012951172636970768
1.8,0.9,120,0.2,5,1177,131,0.11129991503823279,295,0.07457627118644068,-0.036534839924670395,0.11111111111111108,0.000188803927121714,125,0.576036866359447,6,0.00625,92,131,816,198,32,72,0.36363636363636365,166,10,2.6166666666666667,0.06897152085668634,-0.01658386316725824,0.04565974578424381,0.048003605363806046,-0.09999999999999998,0.012668522067468073
1.8,0.9,120,0.2,10,1177,129,0.10960067969413764,295,0.07457627118644068,-0.036534839924670395,0.11111111111111108,-0.0015104314169734345,123,0.5668202764976958,6,0.00625,94,129,809,209,30,75,0.3588516746411483,168,10,2.4166666666666665,0.07937897410497419,-0.014626578483894148,0.047092878732239773,0.04805190428508682,-0.09999999999999998,0.013974563887656243
1.8,0.9,120,0.2,15,1177,128,0.10875106202209006,295,0.07457627118644068,-0.036534839924670395,0.11111111111111108,-0.0023600490890210157,122,0.5622119815668203,6,0.00625,95,128,807,213,29,76,0.3568075117370892,169,10,2.408333333333333,0.08046267696206455,-0.014626578483894148,0.04787664550555082,0.04773059863270647,-0.09999999999999998,0.014245262775231003
1.8,0.9,120,0.25,5,1177,155,0.13169073916737467,295,0.09491525423728814,-0.01619585687382294,0.11111111111111108,0.020579628056263594,147,0.6774193548387096,8,0.008333333333333333,70,155,851,133,38,46,0.3458646616541353,143,6,3.5,0.04493163182078641,-0.020831722805222164,0.03779213852181795,0.05062202007718584,-0.09999999999999998,0.016568121763582407
1.8,0.9,120,0.25,10,1177,153,0.12999150382327954,295,0.09152542372881356,-0.019585687382297517,0.11111111111111108,0.01888039271216846,146,0.6728110599078341,7,0.007291666666666667,71,153,848,140,36,48,0.34285714285714286,145,6,3.466666666666667,0.04803910974026504,-0.020782380814874712,0.03879071614928242,0.05054612227693955,-0.09999999999999998,0.014938759565738166
1.8,0.9,120,0.25,15,1177,152,0.12914188615123195,295,0.08813559322033898,-0.022975517890772096,0.11111111111111108,0.018030775040120878,145,0.6682027649769585,7,0.007291666666666667,72,152,843,148,34,50,0.33783783783783783,146,6,3.375,0.046485370780525725,-0.020831722805222164,0.039388404829235224,0.05026160794899093,-0.09999999999999998,0.01211234019206477
1.8,0.9,120,0.3,5,1177,169,0.14358538657604078,295,0.10847457627118644,-0.0026365348399246397,0.11111111111111108,0.0324742754649297,161,0.7419354838709677,8,0.008333333333333333,56,169,879,88,41,29,0.32954545454545453,129,6,3.9166666666666665,0.033266188283887166,-0.020831722805222164,0.03455997841909575,0.05052413422424068,-0.09999999999999998,0.01758052490242994
1.8,0.9,120,0.3,10,1177,166,0.14103653355989804,295,0.10508474576271186,-0.006026365348399218,0.11111111111111108,0.02992542244878696,159,0.7327188940092166,7,0.007291666666666667,58,166,874,97,40,32,0.32989690721649484,132,6,3.8083333333333336,0.034739877484324055,-0.020831722805222164,0.03510550998287498,0.0494438276583643,-0.09999999999999998,0.016462167562655474
1.8,0.9,120,0.3,15,1177,165,0.14018691588785046,295,0.1016949152542373,-0.009416195856873782,0.11111111111111108,0.029075804776739378,158,0.728110599078341,7,0.007291666666666667,59,165,873,100,39,33,0.33,133,6,3.75,0.036213566684760945,-0.020831722805222164,0.036320017316227915,0.04885069584179895,-0.09999999999999998,0.014095672145376083
1.8,0.8,60,,,1177,216,0.18351741716227699,295,0.1423728813559322,-0.05762711864406775,0.19999999999999996,-0.01648258283772297,180,0.8294930875576036,36,0.0375,37,216,799,0,162,0,0.0,49,5,4.800000000000001,-0.003328780086853611,-0.0806044938270789,0.04957239343830078,0.015385918762793887,-0.19999999999999996,-0.017391424239913317
1.8,0.8,60,0.2,5,1177,138,0.11724723874256585,295,0.08135593220338982,-0.11864406779661013,0.19999999999999996,-0.08275276125743411,125,0.576036866359447,13,0.013541666666666667,92,138,562,358,119,93,0.25977653631284914,126,9,2.6833333333333336,0.060806004153749704,-0.030531441382316782,0.0914548534899915,0.022318209633587063,-0.1491658424289246,-0.006266805785147488
1.8,0.8,60,0.2,10,1177,135,0.11469838572642312,295,0.08135593220338982,-0.11864406779661013,0.19999999999999996,-0.08530161427357684,123,0.5668202764976958,12,0.0125,94,135,548,380,114,96,0.25263157894736843,129,9,2.4166666666666665,0.06801384782446451,-0.025230774730022887,0.09265440823697424,0.021967102291897557,-0.13747756491585383,-0.004325192056650349
1.8,0.8,60,0.2,15,1177,134,0.11384876805437553,295,0.08135593220338982,-0.11864406779661013,0.19999999999999996,-0.08615123194562442,122,0.5622119815668203,12,0.0125,95,134,542,394,107,97,0.24619289340101522,130,9,2.408333333333333,0.06814092936345917,-0.020831722805222164,0.0957979793706959,0.02178806261085176,-0.1307001425538209,-0.004156312637311991
1.8,0.8,60,0.25,5,1177,171,0.14528462192013594,295,0.11186440677966102,-0.08813559322033894,0.19999999999999996,-0.05471537807986401,146,0.6728110599078341,25,0.026041666666666668,71,171,623,245,138,59,0.24081632653061225,94,5,3.7,0.012182024584743045,-0.05129683337435109,0.07761157754847292,0.026089959291623322,-0.19999999999999996,-0.0015114282443457507
1.8,0.8,60,0.25,10,1177,171,0.14528462192013594,295,0.11186440677966102,-0.08813559322033894,0.19999999999999996,-0.05471537807986401,146,0.6728110599078341,25,0.026041666666666668,71,171,612,263,131,59,0.22433460076045628,94,5,3.7,0.012182024584743045,-0.05129683337435109,0.08015941348592936,0.027768209114049966,-0.19999999999999996,-0.000757829553572438
1.8,0.8,60,0.25,15,1177,169,0.14358538657604078,295,0.10847457627118644,-0.09152542372881352,0.19999999999999996,-0.056414613423959176,145,0.6682027649769585,24,0.025,72,169,607,272,129,61,0.22426470588235295,96,5,3.6333333333333333,0.012182024584743045,-0.048959976640656766,0.08299274165577386,0.027354900161126555,-0.19999999999999996,-0.0019603672312123984
1.8,0.8,60,0.3,5,1177,189,0.16057774001699235,295,0.1288135593220339,-0.07118644067796606,0.19999999999999996,-0.03942225998300761,160,0.7373271889400922,29,0.030208333333333334,57,189,676,165,147,35,0.21212121212121213,76,6,4.15,0.008886092670637113,-0.055490556885220976,0.06387643722575387,0.02195526031219313,-0.19999999999999996,-0.006722499534079076
1.8,0.8,60,0.3,10,1177,186,0.1580288870008496,295,0.1288135593220339,-0.07118644067796606,0.19999999999999996,-0.04197111299915035,159,0.7327188940092166,27,0.028125,58,186,667,182,142,38,0.2087912087912088,79,6,4.1083333333333325,0.009824511552426252,-0.05129683337435109,0.06801830647618279,0.021736355237160526,-0.19999999999999996,-0.004748138824796911
1.8,0.8,60,0.3,15,1177,185,0.15717926932880205,295,0.12542372881355932,-0.07457627118644064,0.19999999999999996,-0.042820730671197904,158,0.728110599078341,27,0.028125,59,185,660,192,140,39,0.203125,80,6,4.1,0.01076293043421539,-0.05129683337435109,0.07035212813144454,0.021673320360853215,-0.19999999999999996,-0.006513642510551952
1.8,0.8,90,,,1177,225,0.1911639762107052,295,0.15932203389830507,-0.040677966101694885,0.19999999999999996,-0.008836023789294767,183,0.8433179723502304,42,0.04375,34,225,821,0,131,0,0.0,57,5,5.116666666666666,-0.00489706687083491,-0.08084010771955996,0.05251588296869003,0.01775561893556412,-0.19999999999999996,-0.007616305805730297
1.8,0.8,90,0.2,5,1177,141,0.11979609175870858,295,0.08135593220338982,-0.11864406779661013,0.19999999999999996,-0.08020390824129138,125,0.576036866359447,16,0.016666666666666666,92,141,575,367,94,101,0.27520435967302453,140,9,2.816666666666667,0.05489907972176766,-0.031664939420422145,0.09223148283135196,0.023004169254203982,-0.16967807273607238,-0.0033093842925343985
1.8,0.8,90,0.2,10,1177,138,0.11724723874256585,295,0.08135593220338982,-0.11864406779661013,0.19999999999999996,-0.08275276125743411,123,0.5668202764976958,15,0.015625,94,138,558,393,88,104,0.26463104325699743,143,9,2.6833333333333336,0.060806004153749704,-0.030531441382316782,0.09427439411709759,0.023132904693928473,-0.14972389422491994,-0.0015857254005308755
1.8,0.8,90,0.2,15,1177,137,0.11639762107051826,295,0.08135593220338982,-0.11864406779661013,0.19999999999999996,-0.08360237892948169,122,0.5622119815668203,15,0.015625,95,137,550,407,83,105,0.257985257985258,144,9,2.6166666666666667,0.06553440668686572,-0.025230774730022887,0.09659210980436361,0.023023040757080067,-0.14452016829835845,-0.0010545835136735323
1.8,0.8,90,0.25,5,1177,175,0.14868309260832624,295,0.1152542372881356,-0.08474576271186436,0.19999999999999996,-0.051316907391673716,146,0.6728110599078341,29,0.030208333333333334,71,175,639,252,111,65,0.25793650793650796,107,5,3.75,0.008886092670637113,-0.055490556885220976,0.07815304385518274,0.026858738806277597,-0.19999999999999996,0.004274350137372689
1.8,0.8,90,0.25,10,1177,174,0.14783347493627869,295,0.11186440677966102,-0.08813559322033894,0.19999999999999996,-0.05216652506372127,146,0.6728110599078341,28,0.029166666666666667,71,174,628,272,103,66,0.2426470588235294,108,5,3.7333333333333334,0.009824511552426252,-0.05129683337435109,0.08362251489064088,0.028319618310100048,-0.19999999999999996,0.0030134485812657766
1.8,0.8,90,0.25,15,1177,172,0.14613423959218352,295,0.10847457627118644,-0.09152542372881352,0.19999999999999996,-0.05386576040781643,145,0.6682027649769585,27,0.028125,72,172,620,286,99,68,0.23776223776223776,110,5,3.7083333333333335,0.009824511552426252,-0.05129683337435109,0.08642562451134517,0.02819755545605039,-0.19999999999999996,0.0012075243530047985
1.8,0.8,90,0.3,5,1177,194,0.16482582837723025,295,0.13559322033898305,-0.0644067796610169,0.19999999999999996,-0.0351741716227697,160,0.7373271889400922,34,0.035416666666666666,57,194,694,170,119,40,0.23529411764705882,88,6,4.283333333333333,0.0,-0.06314939075715786,0.06720997657779881,0.023125076614462167,-0.19999999999999996,0.0005187202299214118
1.8,0.8,90,0.3,10,1177,190,0.16142735768903993,295,0.13220338983050847,-0.06779661016949148,0.19999999999999996,-0.038572642310960026,159,0.7327188940092166,31,0.03229166666666667,58,190,684,188,115,44,0.23404255319148937,92,6,4.175000000000001,0.002168483911301866,-0.055490556885220976,0.07139711936758841,0.022395455720762503,-0.19999999999999996,0.0007489719520488753
1.8,0.8,90,0.3,15,1177,189,0.16057774001699235,295,0.1288135593220339,-0.07118644067796606,0.19999999999999996,-0.03942225998300761,158,0.728110599078341,31,0.03229166666666667,59,189,676,200,112,45,0.225,93,6,4.15,0.004336967822603732,-0.055490556885220976,0.07272026237282525,0.022520397072838524,-0.19999999999999996,-0.0003356956595902085
1.8,0.8,120,,,1177,235,0.19966015293118097,295,0.1694915254237288,-0.03050847457627115,0.19999999999999996,-0.0003398470688189825,185,0.8525345622119815,50,0.052083333333333336,32,235,843,0,99,0,0.0,63,5,5.7,-0.007073516036314564,-0.0830238643025677,0.053477246056022,0.018584072392314,-0.19999999999999996,-0.0089086938980002
1.8,0.8,120,0.2,5,1177,146,0.12404418011894647,295,0.08813559322033898,-0.11186440677966097,0.19999999999999996,-0.07595581988105349,125,0.576036866359447,21,0.021875,92,146,587,375,69,110,0.29333333333333333,151,9,3.1416666666666666,0.04057259925277368,-0.035579352240399764,0.09362523480238494,0.021704594641012372,-0.19042123851745008,-0.007016636342439567
1.8,0.8,120,0.2,10,1177,143,0.12149532710280374,295,0.08813559322033898,-0.11186440677966097,0.19999999999999996,-0.07850467289719622,123,0.5668202764976958,20,0.020833333333333332,94,143,568,401,65,114,0.28428927680798005,154,9,2.9833333333333334,0.04803910974026504,-0.0329141175649057,0.09500384893702818,0.02219123709362521,-0.1634678388569758,-0.004580280377031997
1.8,0.8,120,0.2,15,1177,142,0.12064570943075616,295,0.08813559322033898,-0.11186440677966097,0.19999999999999996,-0.0793542905692438,122,0.5622119815668203,20,0.020833333333333332,95,142,559,414,62,115,0.2777777777777778,155,9,2.9000000000000004,0.05146909473101635,-0.0329141175649057,0.09659210980436361,0.02236420608812243,-0.15331756131756635,-0.0037215768742185408
1.8,0.8,120,0.25,5,1177,183,0.1554800339847069,295,0.12542372881355932,-0.07457627118644064,0.19999999999999996,-0.044519966015293067,147,0.6774193548387096,36,0.0375,70,183,656,255,83,70,0.27450980392156865,115,5,4.1,0.0,-0.06266942706609169,0.08280187742454559,0.026313998536601105,-0.19999999999999996,0.0019721999006877336
1.8,0.8,120,0.25,10,1177,181,0.15378079864061173,295,0.12203389830508475,-0.0779661016949152,0.19999999999999996,-0.04621920135938823,146,0.6728110599078341,35,0.036458333333333336,71,181,643,276,77,72,0.2608695652173913,117,5,4.083333333333333,0.0,-0.055490556885220976,0.08561029858702618,0.027301172504437452,-0.19999999999999996,0.0007669062887795586
1.8,0.8,120,0.25,15,1177,179,0.15208156329651656,295,0.11864406779661017,-0.08135593220338978,0.19999999999999996,-0.04791843670348339,145,0.6682027649769585,34,0.035416666666666666,72,179,634,290,74,75,0.25862068965517243,119,5,3.966666666666667,0.0,-0.055490556885220976,0.0865263482965335,0.02719024984716347,-0.19999999999999996,-0.0011697318289808846
1.8,0.8,120,0.3,5,1177,203,0.17247238742565846,295,0.14576271186440679,-0.05423728813559317,0.19999999999999996,-0.027527612574341498,161,0.7419354838709677,42,0.04375,56,203,714,172,88,44,0.2558139534883721,95,6,4.466666666666667,0.0,-0.0661722620207611,0.07077278635961481,0.0229933670244875,-0.19999999999999996,-0.0018042577969825029
1.8,0.8,120,0.3,10,1177,198,0.16822429906542055,295,0.1423728813559322,-0.05762711864406775,0.19999999999999996,-0.031775700934579404,159,0.7327188940092166,39,0.040625,58,198,702,190,87,49,0.2578947368421053,100,6,4.35,0.0,-0.06314939075715786,0.07272026237282525,0.021742744255378425,-0.19999999999999996,-0.0013660783079170425
1.8,0.8,120,0.3,15,1177,197,0.16737468139337297,295,0.13898305084745763,-0.06101694915254233,0.19999999999999996,-0.032625318606626985,158,0.728110599078341,39,0.040625,59,197,694,203,83,50,0.24630541871921183,101,6,4.35,0.0,-0.06314939075715786,0.07606840689253946,0.021584021078602033,-0.19999999999999996,-0.002912300286341272
1.8,0.75,60,,,1177,227,0.19286321155480035,295,0.15593220338983052,-0.08216303470540756,0.23809523809523808,-0.04523202654043773,180,0.8294930875576036,47,0.04895833333333333,37,227,743,0,207,0,0.0,39,4,5.0,-0.005928211024306074,-0.09380358885623574,0.05251588296869003,-0.004690162288376328,-0.25,-0.03183056490279386
1.8,0.75,60,0.2,5,1177,141,0.11979609175870858,295,0.0847457627118644,-0.15334947538337368,0.23809523809523808,-0.1182991463365295,125,0.576036866359447,16,0.016666666666666666,92,141,462,439,135,98,0.22323462414578588,124,8,2.6166666666666667,0.05489907972176766,-0.03282148157382003,0.10155479933613498,0.010340588315994057,-0.11520667199669843,-0.014857945442940565
1.8,0.75,60,0.2,10,1177,138,0.11724723874256585,295,0.0847457627118644,-0.15334947538337368,0.23809523809523808,-0.12084799935267224,123,0.5668202764976958,15,0.015625,94,138,446,467,126,101,0.21627408993576017,127,8,2.408333333333333,0.060806004153749704,-0.031664939420422145,0.10174379053813531,0.010547104904870557,-0.1096044148442823,-0.01209679351025808
1.8,0.75,60,0.2,15,1177,137,0.11639762107051826,295,0.0847457627118644,-0.15334947538337368,0.23809523809523808,-0.12169761702471982,122,0.5622119815668203,15,0.015625,95,137,440,484,116,102,0.21074380165289255,128,8,2.4,0.06553440668686572,-0.031664939420422145,0.10377856641959526,0.010651703493105165,-0.10929290924844792,-0.011724491371864421
1.8,0.75,60,0.25,5,1177,177,0.1503823279524214,295,0.11864406779661017,-0.11945117029862791,0.23809523809523808,-0.08771291014281668,146,0.6728110599078341,31,0.03229166666666667,71,177,523,309,168,62,0.20064724919093851,89,4,3.716666666666667,0.004336967822603732,-0.0661722620207611,0.0914548534899915,0.01464277711590684,-0.1607483811165883,-0.008606149511513084
1.8,0.75,60,0.25,10,1177,176,0.14953271028037382,295,0.11864406779661017,-0.11945117029862791,0.23809523809523808,-0.08856252781486426,146,0.6728110599078341,30,0.03125,71,176,510,332,159,63,0.1897590361445783,90,4,3.7083333333333335,0.006611530246620423,-0.0661722620207611,0.09398996221235023,0.015588334750781233,-0.1544335225512874,-0.007312318144086758
1.8,0.75,60,0.25,15,1177,174,0.14783347493627869,295,0.1152542372881356,-0.12284100080710249,0.23809523809523808,-0.0902617631589594,145,0.6682027649769585,29,0.030208333333333334,72,174,506,342,155,65,0.19005847953216373,92,4,3.666666666666667,0.006611530246620423,-0.06437576709493154,0.09806706151247102,0.015386545474840588,-0.1493865448876056,-0.00844201419716685
1.8,0.75,60,0.3,5,1177,196,0.16652506372132542,295,0.13898305084745763,-0.09911218724778045,0.23809523809523808,-0.07157017437391267,160,0.7373271889400922,36,0.0375,57,196,582,219,180,39,0.1780821917808219,70,5,4.175000000000001,0.0,-0.07497141200017365,0.07964324426717728,0.00829397198059036,-0.23953724880881744,-0.013210013967513312
1.8,0.75,60,0.3,10,1177,193,0.16397621070518267,295,0.13898305084745763,-0.09911218724778045,0.23809523809523808,-0.07411902739005541,159,0.7327188940092166,34,0.035416666666666666,58,193,569,242,173,42,0.17355371900826447,73,5,4.116666666666666,0.0,-0.0661722620207611,0.08379279281039254,0.008589227631351753,-0.21788208283587251,-0.010808337784411315
1.8,0.75,60,0.3,15,1177,192,0.1631265930331351,295,0.13559322033898305,-0.10250201775625503,0.23809523809523808,-0.07496864506210299,158,0.728110599078341,34,0.035416666666666666,59,192,563,253,169,43,0.16996047430830039,74,5,4.1083333333333325,0.0,-0.07250432591352074,0.08665518685284168,0.008628043043007716,-0.2139478090000254,-0.012617651031557518
1.8,0.75,90,,,1177,236,0.20050977060322855,295,0.17288135593220338,-0.0652138821630347,0.23809523809523808,-0.03758546749200953,183,0.8433179723502304,53,0.05520833333333333,34,236,776,0,165,0,0.0,47,4,5.175000000000001,-0.014785121823037262,-0.09678754858497507,0.05508922827479923,-0.003998490472705242,-0.25,-0.02486601860590229
1.8,0.75,90,0.2,5,1177,144,0.12234494477485132,295,0.0847457627118644,-0.15334947538337368,0.23809523809523808,-0.11575029332038676,125,0.576036866359447,19,0.019791666666666666,92,144,477,452,104,107,0.23672566371681417,138,8,2.783333333333333,0.046485370780525725,-0.03723598200446365,0.10155479933613498,0.01076761064349296,-0.13402267095649234,-0.012638356617974416
1.8,0.75,90,0.2,10,1177,141,0.11979609175870858,295,0.0847457627118644,-0.15334947538337368,0.23809523809523808,-0.1182991463365295,123,0.5668202764976958,18,0.01875,94,141,457,483,96,110,0.2277432712215321,141,8,2.6166666666666667,0.05489907972176766,-0.03282148157382003,0.10246077402300269,0.01132520979983611,-0.12272631215650909,-0.009925667996361817
1.8,0.75,90,0.2,15,1177,140,0.11894647408666101,295,0.0847457627118644,-0.15334947538337368,0.23809523809523808,-0.11914876400857707,122,0.5622119815668203,18,0.01875,95,140,448,500,89,111,0.222,142,8,2.5166666666666666,0.055488340671200675,-0.035579352240399764,0.10330630068696878,0.011556547678268513,-0.11944486844396607,-0.009199946366619206
1.8,0.75,90,0.25,5,1177,181,0.15378079864061173,295,0.12203389830508475,-0.11606133979015333,0.23809523809523808,-0.08431443945462636,146,0.6728110599078341,35,0.036458333333333336,71,181,547,318,131,69,0.2169811320754717,102,4,3.9166666666666665,0.0,-0.07250432591352074,0.09213022467642773,0.0146832898391749,-0.17561684092505558,-0.004345316775668875
1.8,0.75,90,0.25,10,1177,179,0.15208156329651656,295,0.11864406779661017,-0.11945117029862791,0.23809523809523808,-0.08601367479872152,146,0.6728110599078341,33,0.034375,71,179,531,344,123,71,0.2063953488372093,104,4,3.75,0.0,-0.0661722620207611,0.09500384893702818,0.015703180964837603,-0.16812958161927283,-0.005065985655122772
1.8,0.75,90,0.25,15,1177,177,0.1503823279524214,295,0.1152542372881356,-0.12284100080710249,0.23809523809523808,-0.08771291014281668,145,0.6682027649769585,32,0.03333333333333333,72,177,523,360,117,73,0.20277777777777778,106,4,3.716666666666667,0.0,-0.06437576709493154,0.0992917839927252,0.016015322407777994,-0.1618821164959242,-0.006656927947720711
1.8,0.75,90,0.3,5,1177,201,0.1707731520815633,295,0.14576271186440679,-0.0923325262308313,0.23809523809523808,-0.06732208601367479,160,0.7373271889400922,41,0.042708333333333334,57,201,608,227,141,45,0.19823788546255505,82,5,4.283333333333333,0.0,-0.07544821332007412,0.08345223697088922,0.008559436305006607,-0.25,-0.007685886171836045
1.8,0.75,90,0.3,10,1177,197,0.16737468139337297,295,0.1423728813559322,-0.09572235673930587,0.23809523809523808,-0.07072055670186511,159,0.7327188940092166,38,0.03958333333333333,58,197,593,251,136,49,0.1952191235059761,86,5,4.2,0.0,-0.07250432591352074,0.08665518685284168,0.00857046693725983,-0.25,-0.006418189368207778
1.8,0.75,90,0.3,15,1177,196,0.16652506372132542,295,0.13898305084745763,-0.09911218724778045,0.23809523809523808,-0.07157017437391267,158,0.728110599078341,38,0.03958333333333333,59,196,584,265,132,50,0.18867924528301888,87,5,4.175000000000001,0.0,-0.07497141200017365,0.08947132569960381,0.008906018417748606,-0.23588155638275243,-0.00799200104079056
1.8,0.75,120,,,1177,248,0.2107051826677995,295,0.18305084745762712,-0.05504439063761096,0.23809523809523808,-0.02739005542743858,186,0.8571428571428571,62,0.06458333333333334,31,248,800,0,129,0,0.0,51,4,5.9,-0.016637618015805156,-0.09958259959259486,0.05853558970370443,-0.0023063482746951505,-0.25,-0.02782948493781704
1.8,0.75,120,0.2,5,1177,149,0.1265930331350892,295,0.09152542372881356,-0.14656981436642452,0.23809523809523808,-0.11150220496014887,125,0.576036866359447,24,0.025,92,149,490,460,78,117,0.2543478260869565,149,8,3.0,0.03244360952787595,-0.040173941825869974,0.10164929493713515,0.009109399763925453,-0.13967657342104922,-0.01735894212761473
1.8,0.75,120,0.2,10,1177,146,0.12404418011894647,295,0.09152542372881356,-0.14656981436642452,0.23809523809523808,-0.11405105797629161,123,0.5668202764976958,23,0.023958333333333335,94,146,466,493,72,121,0.24543610547667344,152,8,2.9000000000000004,0.04057259925277368,-0.03723598200446365,0.10174379053813531,0.009805719796091208,-0.1267217787231455,-0.013764064907174356
1.8,0.75,120,0.2,15,1177,145,0.1231945624468989,295,0.09152542372881356,-0.14656981436642452,0.23809523809523808,-0.11490067564833918,122,0.5622119815668203,23,0.023958333333333335,95,145,457,509,66,122,0.23968565815324164,153,8,2.816666666666667,0.04493163182078641,-0.03723598200446365,0.10246077402300269,0.010311952983338033,-0.12253654818722137,-0.012767566318055375
1.8,0.75,120,0.25,5,1177,189,0.16057774001699235,295,0.13220338983050847,-0.10589184826472961,0.23809523809523808,-0.07751749807824573,147,0.6774193548387096,42,0.04375,70,189,564,322,102,75,0.2329192546583851,110,4,4.116666666666666,0.0,-0.07497141200017365,0.0914548534899915,0.01370330859231475,-0.1956784789174243,-0.0073598901141049495
1.8,0.75,120,0.25,10,1177,186,0.1580288870008496,295,0.1288135593220339,-0.10928167877320419,0.23809523809523808,-0.08006635109438848,146,0.6728110599078341,40,0.041666666666666664,71,186,548,349,94,78,0.22349570200573066,113,4,4.091666666666667,0.0,-0.07250432591352074,0.09427439411709759,0.014259623376844346,-0.1844227460712966,-0.00802495104936011
1.8,0.75,120,0.25,15,1177,184,0.15632965165675447,295,0.12542372881355932,-0.11267150928167877,0.23809523809523808,-0.08176558643848361,145,0.6682027649769585,39,0.040625,72,184,539,365,89,81,0.2219178082191781,115,4,4.025,0.0,-0.07250432591352074,0.09806706151247102,0.01457927470684095,-0.17561684092505558,-0.009777408119444053
1.8,0.75,120,0.3,5,1177,210,0.1784197111299915,295,0.15593220338983052,-0.08216303470540756,0.23809523809523808,-0.059675526965246584,161,0.7419354838709677,49,0.051041666666666666,56,210,627,229,111,50,0.2183406113537118,89,5,4.508333333333333,-0.0009125761709885549,-0.077753720148801,0.08322248931333154,0.008480765250974123,-0.25,-0.011014511816389938
1.8,0.75,120,0.3,10,1177,205,0.17417162276975362,295,0.15254237288135594,-0.08555286521388214,0.23809523809523808,-0.06392361532548446,159,0.7327188940092166,46,0.04791666666666667,58,205,611,253,108,55,0.21739130434782608,94,5,4.35,0.0,-0.07692401426155071,0.08601683641218671,0.007387391943014299,-0.25,-0.009432033412207871
1.8,0.75,120,0.3,15,1177,204,0.17332200509770604,295,0.14915254237288136,-0.08894269572235672,0.23809523809523808,-0.06477323299753204,158,0.728110599078341,46,0.04791666666666667,59,204,602,268,103,56,0.208955223880597,95,5,4.35,0.0,-0.077753720148801,0.0884538321356042,0.007431559045919969,-0.25,-0.011498200339562338
1.8,0.7,60,,,1177,237,0.20135938827527614,295,0.17288135593220338,-0.09984591679506938,0.27272727272727276,-0.07136788445199663,180,0.8294930875576036,57,0.059375,37,237,691,0,249,0,0.0,30,2,5.116666666666666,-0.016065955730623083,-0.10395799143723883,0.05385772192795368,-0.021504883100764097,-0.30000000000000004,-0.03941417533008606
1.8,0.7,60,0.2,5,1177,142,0.12064570943075616,295,0.0847457627118644,-0.18798151001540836,0.27272727272727276,-0.15208156329651662,125,0.576036866359447,17,0.017708333333333333,92,142,358,528,149,106,0.20075757575757575,124,7,2.5166666666666666,0.05146909473101635,-0.035579352240399764,0.10769768232401722,0.004015725025018066,-0.10002926850850435,-0.019216801374110543
1.8,0.7,60,0.2,10,1177,139,0.11809685641461343,295,0.0847457627118644,-0.18798151001540836,0.27272727272727276,-0.15463041631265934,123,0.5668202764976958,16,0.016666666666666666,94,139,346,554,138,109,0.1967509025270758,127,7,2.4,0.05607760162063369,-0.03282148157382003,0.10711101330497852,0.0046124510994197555,-0.09500759881354759,-0.015670860382512412
1.8,0.7,60,0.2,15,1177,138,0.11724723874256585,295,0.0847457627118644,-0.18798151001540836,0.27272727272727276,-0.15548003398470692,122,0.5622119815668203,16,0.016666666666666666,95,138,340,575,124,110,0.19130434782608696,128,7,2.3666666666666667,0.060806004153749704,-0.03282148157382003,0.10775447710672781,0.004721425708192741,-0.09500759881354759,-0.016156421740861363
1.8,0.7,60,0.25,5,1177,178,0.15123194562446898,295,0.11864406779661017,-0.15408320493066258,0.27272727272727276,-0.12149532710280378,146,0.6728110599078341,32,0.03333333333333333,71,178,418,394,187,71,0.1802030456852792,89,3,3.7083333333333335,0.002168483911301866,-0.07250432591352074,0.10556716083870388,0.004285885110797332,-0.13143794890640392,-0.01891259645564871
1.8,0.7,60,0.25,10,1177,177,0.1503823279524214,295,0.11864406779661017,-0.15408320493066258,0.27272727272727276,-0.12234494477485136,146,0.6728110599078341,31,0.03229166666666667,71,177,402,424,174,72,0.16981132075471697,90,3,3.7,0.004336967822603732,-0.0661722620207611,0.10623689884370224,0.00561742356409046,-0.12820141167140875,-0.015791151182583556
1.8,0.7,60,0.25,15,1177,175,0.14868309260832624,295,0.1152542372881356,-0.15747303543913715,0.27272727272727276,-0.12404418011894652,145,0.6682027649769585,30,0.03125,72,175,389,444,169,74,0.16666666666666666,92,3,3.6333333333333333,0.004336967822603732,-0.0661722620207611,0.10658113906865041,0.005829019087352107,-0.1253522062135769,-0.01607044765122807
1.8,0.7,60,0.3,5,1177,199,0.16907391673746813,295,0.1423728813559322,-0.13035439137134056,0.27272727272727276,-0.10365335598980463,160,0.7373271889400922,39,0.040625,57,199,496,271,211,47,0.17343173431734318,68,4,4.2,0.0,-0.077753720148801,0.09695657759168275,-0.0036138006788147188,-0.17824946599933222,-0.023578489013897544
1.8,0.7,60,0.3,10,1177,196,0.16652506372132542,295,0.1423728813559322,-0.13035439137134056,0.27272727272727276,-0.10620220900594735,159,0.7327188940092166,37,0.03854166666666667,58,196,473,309,199,50,0.16181229773462782,71,4,4.133333333333333,0.0,-0.07692401426155071,0.10478407392613154,-0.0026059722016328122,-0.17141914989070084,-0.019514648708176
1.8,0.7,60,0.3,15,1177,195,0.16567544604927784,295,0.13898305084745763,-0.13374422187981513,0.27272727272727276,-0.10705182667799493,158,0.728110599078341,37,0.03854166666666667,59,195,467,322,193,51,0.15838509316770186,72,4,4.116666666666666,0.0,-0.07692401426155071,0.10561669680513552,-0.002448180892367304,-0.16787333639732993,-0.021177846500787797
1.8,0.7,90,,,1177,246,0.20900594732370434,295,0.18983050847457628,-0.08289676425269649,0.27272727272727276,-0.06372132540356842,183,0.8433179723502304,63,0.065625,34,246,720,0,211,0,0.0,38,2,5.683333333333334,-0.01703842125552596,-0.10983299289012693,0.06511838897259359,-0.02259418341912004,-0.30000000000000004,-0.034864717630917454
1.8,0.7,90,0.2,5,1177,145,0.1231945624468989,295,0.0847457627118644,-0.18798151001540836,0.27272727272727276,-0.14953271028037385,125,0.576036866359447,20,0.020833333333333332,92,145,368,541,123,118,0.21811460258780038,138,7,2.75,0.04493163182078641,-0.03723598200446365,0.11084216598070995,0.003494213234423425,-0.11130300441356755,-0.018639136970694747
1.8,0.7,90,0.2,10,1177,142,0.12064570943075616,295,0.0847457627118644,-0.18798151001540836,0.27272727272727276,-0.15208156329651662,123,0.5668202764976958,19,0.019791666666666666,94,142,354,570,111,121,0.21228070175438596,141,7,2.5166666666666666,0.05146909473101635,-0.035579352240399764,0.10863580970888509,0.004739490523005321,-0.10839310399642987,-0.014972167764742774
1.8,0.7,90,0.2,15,1177,141,0.11979609175870858,295,0.0847457627118644,-0.18798151001540836,0.27272727272727276,-0.15293118096856417,122,0.5622119815668203,19,0.019791666666666666,95,141,346,591,99,122,0.20642978003384094,142,7,2.4166666666666665,0.05489907972176766,-0.035579352240399764,0.10951714231104237,0.0053249334140828995,-0.10488880392651656,-0.01402624309431463
1.8,0.7,90,0.25,5,1177,182,0.1546304163126593,295,0.12203389830508475,-0.150693374422188,0.27272727272727276,-0.11809685641461345,146,0.6728110599078341,36,0.0375,71,182,433,403,159,81,0.20099255583126552,102,3,3.833333333333333,0.0,-0.07497141200017365,0.10711101330497852,0.003012998683905374,-0.1493865448876056,-0.0167591069622715
1.8,0.7,90,0.25,10,1177,180,0.15293118096856415,295,0.11864406779661017,-0.15408320493066258,0.27272727272727276,-0.11979609175870862,146,0.6728110599078341,34,0.035416666666666666,71,180,413,438,146,83,0.18949771689497716,104,3,3.7333333333333334,0.0,-0.07250432591352074,0.10775447710672781,0.004619875847448645,-0.14452016829835845,-0.015652161936086567
1.8,0.7,90,0.25,15,1177,178,0.15123194562446898,295,0.1152542372881356,-0.15747303543913715,0.27272727272727276,-0.12149532710280378,145,0.6682027649769585,33,0.034375,72,178,398,463,138,85,0.183585313174946,106,3,3.7083333333333335,0.0,-0.0661722620207611,0.11084216598070995,0.005577552849234229,-0.14250321058216253,-0.0162232131188252
1.8,0.7,90,0.3,5,1177,204,0.17332200509770604,295,0.14915254237288136,-0.1235747303543914,0.27272727272727276,-0.09940526762956672,160,0.7373271889400922,44,0.04583333333333333,57,204,514,281,178,54,0.19217081850533807,80,4,4.316666666666666,0.0,-0.07872143057704373,0.10412228897312303,-0.005147663571183072,-0.1977999981394022,-0.019195655644056234
1.8,0.7,90,0.3,10,1177,200,0.16992353440951571,295,0.14576271186440679,-0.12696456086286598,0.27272727272727276,-0.10280373831775705,159,0.7327188940092166,41,0.042708333333333334,58,200,489,318,170,58,0.18238993710691823,84,4,4.241666666666667,0.0,-0.077753720148801,0.10648232178757944,-0.004231747707122287,-0.18562716066168405,-0.01666875340114648
1.8,0.7,90,0.3,15,1177,199,0.16907391673746813,295,0.1423728813559322,-0.13035439137134056,0.27272727272727276,-0.10365335598980463,158,0.728110599078341,41,0.042708333333333334,59,199,481,334,163,59,0.17664670658682635,85,4,4.2,0.0,-0.077753720148801,0.10775447710672781,-0.0035560678921740235,-0.18305174363989596,-0.01809644961919486
1.8,0.7,120,,,1177,260,0.22090059473237042,295,0.2,-0.07272727272727275,0.27272727272727276,-0.05182667799490234,186,0.8571428571428571,74,0.07708333333333334,31,260,751,0,166,0,0.0,40,2,6.233333333333333,-0.020590499349492086,-0.1173111453691652,0.06515995291285037,-0.02223209611293929,-0.30000000000000004,-0.03886854379649236
1.8,0.7,120,0.2,5,1177,150,0.1274426508071368,295,0.09152542372881356,-0.1812018489984592,0.27272727272727276,-0.14528462192013597,125,0.576036866359447,25,0.026041666666666668,92,150,384,550,93,128,0.23272727272727273,149,7,2.9916666666666667,0.03214080239137007,-0.0414313571333641,0.11017965414587616,0.0013813453293235124,-0.11550664255589149,-0.02374856856514316
1.8,0.7,120,0.2,10,1177,147,0.12489379779099405,295,0.09152542372881356,-0.1812018489984592,0.27272727272727276,-0.1478334749362787,123,0.5668202764976958,24,0.025,94,147,366,580,84,132,0.22758620689655173,152,7,2.816666666666667,0.036213566684760945,-0.040173941825869974,0.10769768232401722,0.0029177730786631457,-0.11130300441356755,-0.01902991923493968
1.8,0.7,120,0.2,15,1177,146,0.12404418011894647,295,0.09152542372881356,-0.1812018489984592,0.27272727272727276,-0.1486830926083263,122,0.5622119815668203,24,0.025,95,146,356,600,75,133,0.22166666666666668,153,7,2.783333333333333,0.04057259925277368,-0.040173941825869974,0.10769768232401722,0.003839885272375708,-0.10853353582001246,-0.017813217605135167
1.8,0.7,120,0.25,5,1177,190,0.16142735768903993,295,0.13220338983050847,-0.1405238828967643,0.27272727272727276,-0.11129991503823283,147,0.6774193548387096,43,0.04479166666666667,70,190,456,408,123,88,0.21568627450980393,110,3,4.1083333333333325,0.0,-0.07544821332007412,0.10587751430926406,0.001212208241672937,-0.16470851632846573,-0.019938140244703164
1.8,0.7,120,0.25,10,1177,187,0.1588785046728972,295,0.1288135593220339,-0.14391371340523887,0.27272727272727276,-0.11384876805437558,146,0.6728110599078341,41,0.042708333333333334,71,187,433,445,112,91,0.20449438202247192,113,3,4.083333333333333,0.0,-0.07497141200017365,0.10653173042811492,0.0026362428018224925,-0.16079253225968626,-0.018775587274319494
1.8,0.7,120,0.25,15,1177,185,0.15717926932880205,295,0.12542372881355932,-0.14730354391371345,0.27272727272727276,-0.11554800339847071,145,0.6682027649769585,40,0.041666666666666664,72,185,416,471,105,94,0.19957537154989385,115,3,3.966666666666667,0.0,-0.07250432591352074,0.10764088754130663,0.003700866589995787,-0.15310222909023452,-0.019508153234544127
1.8,0.7,120,0.3,5,1177,213,0.18096856414613424,295,0.15932203389830507,-0.11340523882896769,0.27272727272727276,-0.09175870858113852,161,0.7419354838709677,52,0.05416666666666667,56,213,542,284,138,60,0.2112676056338028,87,4,4.55,-0.003458355750816877,-0.0806044938270789,0.10246077402300269,-0.006817667192301964,-0.22578534960782726,-0.02318678661732836
1.8,0.7,120,0.3,10,1177,208,0.17672047578589634,295,0.15593220338983052,-0.11679506933744224,0.27272727272727276,-0.09600679694137643,159,0.7327188940092166,49,0.051041666666666666,58,208,515,321,133,65,0.20249221183800623,92,4,4.366666666666667,-0.0026417540463969935,-0.0806044938270789,0.10556716083870388,-0.006924076310530948,-0.20488695142252722,-0.020258212417370004
1.8,0.7,120,0.3,15,1177,207,0.17587085811384875,295,0.15254237288135594,-0.12018489984591682,0.27272727272727276,-0.09685641461342401,158,0.728110599078341,49,0.051041666666666666,59,207,507,338,125,66,0.1952662721893491,93,4,4.35,-0.0018251523419771098,-0.0806044938270789,0.10648232178757944,-0.006504451297933564,-0.199471453651607,-0.022178263890190068
2.0,0.9,60,,,1177,144,0.12234494477485132,295,0.07796610169491526,-0.012942989214175624,0.09090909090909088,0.031435853865760435,144,0.663594470046083,0,0.0,73,144,938,0,95,0,0.0,74,1,4.733333333333333,0.04057259925277368,-0.020831722805222164,0.03149490178926273,0.05203531767528462,-0.09999999999999998,0.00470323874145256
2.0,0.9,60,0.2,5,1177,91,0.07731520815632965,295,0.05084745762711865,-0.040061633281972236,0.09090909090909088,-0.01359388275276123,91,0.41935483870967744,0,0.0,126,91,797,224,65,65,0.29017857142857145,126,4,2.65,0.10113220539051748,-0.003458355750816877,0.050252802247020556,0.0521155129558816,-0.09999999999999998,0.015480703496609292
2.0,0.9,60,0.2,10,1177,89,0.07561597281223449,295,0.05084745762711865,-0.040061633281972236,0.09090909090909088,-0.015293118096856392,89,0.41013824884792627,0,0.0,128,89,792,233,63,67,0.2875536480686695,128,4,2.6166666666666667,0.11636389362722377,0.0,0.05250845087963274,0.05169598241073376,-0.09999999999999998,0.01694913040685328
2.0,0.9,60,0.2,15,1177,89,0.07561597281223449,295,0.05084745762711865,-0.040061633281972236,0.09090909090909088,-0.015293118096856392,89,0.41013824884792627,0,0.0,128,89,792,237,59,67,0.28270042194092826,128,4,2.6166666666666667,0.11636389362722377,0.0,0.05266243050209285,0.05172302313480647,-0.09999999999999998,0.016885700293656384
2.0,0.9,60,0.25,5,1177,109,0.09260832625318606,295,0.06440677966101695,-0.026502311248073937,0.09090909090909088,0.0016992353440951763,109,0.5023041474654378,0,0.0,108,109,830,159,79,45,0.2830188679245283,107,3,3.216666666666667,0.06897152085668634,-0.014626578483894148,0.044989764615867456,0.053267757825731094,-0.09999999999999998,0.016454572451351474
2.0,0.9,60,0.25,10,1177,109,0.09260832625318606,295,0.06440677966101695,-0.026502311248073937,0.09090909090909088,0.0016992353440951763,109,0.5023041474654378,0,0.0,108,109,826,169,73,45,0.26627218934911245,107,3,3.216666666666667,0.06897152085668634,-0.014626578483894148,0.045654290139707454,0.05432289886083381,-0.09999999999999998,0.01562542021500302
2.0,0.9,60,0.25,15,1177,108,0.09175870858113849,295,0.061016949152542375,-0.02989214175654851,0.09090909090909088,0.000849617672047609,108,0.4976958525345622,0,0.0,109,108,824,176,69,46,0.26136363636363635,108,3,3.1083333333333334,0.07376476639197016,-0.016065955730623083,0.047092878732239773,0.05390162187936033,-0.09999999999999998,0.014125542157134659
2.0,0.9,60,0.3,5,1177,123,0.10450297366185217,295,0.07457627118644068,-0.016332819722650202,0.09090909090909088,0.013593882752761285,123,0.5668202764976958,0,0.0,94,123,856,111,87,28,0.25225225225225223,93,3,3.95,0.06801384782446451,-0.016065955730623083,0.03790240907990938,0.05349867247255846,-0.09999999999999998,0.016865600811457025
2.0,0.9,60,0.3,10,1177,122,0.10365335598980459,295,0.07457627118644068,-0.016332819722650202,0.09090909090909088,0.012744265080713704,122,0.5622119815668203,0,0.0,95,122,850,123,82,29,0.23577235772357724,94,3,3.9333333333333336,0.06677412725566512,-0.016065955730623083,0.039388404829235224,0.05356425469793785,-0.09999999999999998,0.016293227173621166
2.0,0.9,60,0.3,15,1177,121,0.102803738317757,295,0.0711864406779661,-0.01972265023112478,0.09090909090909088,0.011894647408666123,121,0.5576036866359447,0,0.0,96,121,850,127,79,30,0.23622047244094488,95,3,3.9166666666666665,0.06801384782446451,-0.014943665162180375,0.04224447898029293,0.05268834737655423,-0.09999999999999998,0.013976736375407426
2.0,0.9,90,,,1177,147,0.12489379779099405,295,0.08813559322033898,-0.0027734976887519025,0.09090909090909088,0.033984706881903165,146,0.6728110599078341,1,0.0010416666666666667,71,147,959,0,71,0,0.0,84,1,5.0,0.033266188283887166,-0.024578208743865848,0.034272073163507555,0.0527505812649759,-0.09999999999999998,0.01307238139661982
2.0,0.9,90,0.2,5,1177,91,0.07731520815632965,295,0.05084745762711865,-0.040061633281972236,0.09090909090909088,-0.01359388275276123,91,0.41935483870967744,0,0.0,126,91,810,229,47,70,0.3056768558951965,139,4,2.65,0.10113220539051748,-0.003458355750816877,0.05251588296869003,0.052129977612187,-0.09999999999999998,0.01790664949088761
2.0,0.9,90,0.2,10,1177,89,0.07561597281223449,295,0.05084745762711865,-0.040061633281972236,0.09090909090909088,-0.015293118096856392,89,0.41013824884792627,0,0.0,128,89,803,240,45,72,0.3,141,4,2.6166666666666667,0.11636389362722377,0.0,0.052869323196109486,0.051818320808801395,-0.09999999999999998,0.019066819489644247
2.0,0.9,90,0.2,15,1177,89,0.07561597281223449,295,0.05084745762711865,-0.040061633281972236,0.09090909090909088,-0.015293118096856392,89,0.41013824884792627,0,0.0,128,89,801,244,43,72,0.29508196721311475,141,4,2.6166666666666667,0.11636389362722377,0.0,0.053477246056022,0.05214806747471633,-0.09999999999999998,0.01944855912751073
2.0,0.9,90,0.25,5,1177,110,0.09345794392523364,295,0.06779661016949153,-0.02311248073959936,0.09090909090909088,0.0025488530161427575,109,0.5023041474654378,1,0.0010416666666666667,108,110,845,162,60,49,0.30246913580246915,119,3,3.2583333333333333,0.06861976587957008,-0.016065955730623083,0.045654290139707454,0.05399484115412679,-0.09999999999999998,0.023004343528254055
2.0,0.9,90,0.25,10,1177,109,0.09260832625318606,295,0.06440677966101695,-0.026502311248073937,0.09090909090909088,0.0016992353440951763,109,0.5023041474654378,0,0.0,108,109,841,171,56,50,0.29239766081871343,120,3,3.216666666666667,0.06897152085668634,-0.014626578483894148,0.047092878732239773,0.054475584783873654,-0.09999999999999998,0.019634544171035218
2.0,0.9,90,0.25,15,1177,108,0.09175870858113849,295,0.061016949152542375,-0.02989214175654851,0.09090909090909088,0.000849617672047609,108,0.4976958525345622,0,0.0,109,108,837,180,52,51,0.2833333333333333,121,3,3.1083333333333334,0.07376476639197016,-0.016065955730623083,0.04793706330193759,0.05434301487646862,-0.09999999999999998,0.017377032463517128
2.0,0.9,90,0.3,5,1177,124,0.10535259133389975,295,0.07796610169491526,-0.012942989214175624,0.09090909090909088,0.014443500424808867,123,0.5668202764976958,1,0.0010416666666666667,94,124,873,113,67,32,0.2831858407079646,105,3,3.9583333333333335,0.06677412725566512,-0.016313713436990063,0.03983403317346135,0.05379179756864601,-0.09999999999999998,0.022273746964155444
2.0,0.9,90,0.3,10,1177,122,0.10365335598980459,295,0.07457627118644068,-0.016332819722650202,0.09090909090909088,0.012744265080713704,122,0.5622119815668203,0,0.0,95,122,867,125,63,34,0.272,107,3,3.9333333333333336,0.06677412725566512,-0.016065955730623083,0.043701985038792635,0.052936383402155625,-0.09999999999999998,0.019053838817503003
2.0,0.9,90,0.3,15,1177,121,0.102803738317757,295,0.0711864406779661,-0.01972265023112478,0.09090909090909088,0.011894647408666123,121,0.5576036866359447,0,0.0,96,121,865,129,62,35,0.2713178294573643,108,3,3.9166666666666665,0.06801384782446451,-0.014943665162180375,0.04413357400328488,0.052291931432858915,-0.09999999999999998,0.0172234793257311
2.0,0.9,120,,,1177,153,0.12999150382327954,295,0.09152542372881356,0.0006163328197226758,0.09090909090909088,0.03908241291418865,148,0.6820276497695853,5,0.005208333333333333,69,153,969,0,55,0,0.0,93,1,5.35,0.022533503478705308,-0.025230774730022887,0.03503238566122091,0.054897439304231126,-0.09999999999999998,0.009584171294133394
2.0,0.9,120,0.2,5,1177,95,0.08071367884451996,295,0.05423728813559322,-0.036671802773497665,0.09090909090909088,-0.010195412064570919,92,0.423963133640553,3,0.003125,125,95,818,232,32,74,0.31896551724137934,150,4,2.75,0.08381322282027859,-0.00489706687083491,0.05317328462606574,0.053461631643973384,-0.09999999999999998,0.016694381402658092
2.0,0.9,120,0.2,10,1177,93,0.0790144435004248,295,0.05423728813559322,-0.036671802773497665,0.09090909090909088,-0.011894647408666081,90,0.4147465437788018,3,0.003125,127,93,811,243,30,77,0.3168724279835391,152,4,2.75,0.09404860492954947,-0.0040688939774090604,0.05385500825294787,0.05331198572916999,-0.09999999999999998,0.018500947387385138
2.0,0.9,120,0.2,15,1177,92,0.07816482582837724,295,0.05423728813559322,-0.036671802773497665,0.09090909090909088,-0.012744265080713649,89,0.41013824884792627,3,0.003125,128,92,809,247,29,78,0.3157894736842105,153,4,2.7,0.09759040516003348,-0.00489706687083491,0.05487714640530472,0.05293048892626014,-0.09999999999999998,0.018771646274959898
2.0,0.9,120,0.25,5,1177,115,0.09770603228547153,295,0.0711864406779661,-0.01972265023112478,0.09090909090909088,0.00679694137638065,110,0.5069124423963134,5,0.005208333333333333,107,115,854,164,44,51,0.31097560975609756,129,3,3.466666666666667,0.06553440668686572,-0.016691372864352072,0.047092878732239773,0.05529874712943334,-0.09999999999999998,0.019922191438627793
2.0,0.9,120,0.25,10,1177,114,0.09685641461342395,295,0.06779661016949153,-0.02311248073959936,0.09090909090909088,0.0059473237043330685,110,0.5069124423963134,4,0.004166666666666667,107,114,850,173,40,52,0.30057803468208094,130,3,3.4416666666666664,0.06677412725566512,-0.01658386316725824,0.04793706330193759,0.055513987902738926,-0.09999999999999998,0.017773338181221555
2.0,0.9,120,0.25,15,1177,113,0.09600679694137638,295,0.06440677966101695,-0.026502311248073937,0.09090909090909088,0.005097706032285501,109,0.5023041474654378,4,0.004166666666666667,108,113,845,183,36,54,0.29508196721311475,131,3,3.4166666666666665,0.06801384782446451,-0.01658386316725824,0.049429520970593055,0.05547171553901002,-0.09999999999999998,0.015345991756588665
2.0,0.9,120,0.3,5,1177,129,0.10960067969413764,295,0.08135593220338982,-0.00955315870570106,0.09090909090909088,0.01869158878504676,124,0.5714285714285714,5,0.005208333333333333,93,129,883,115,50,34,0.2956521739130435,115,3,4.016666666666667,0.05607760162063369,-0.01658386316725824,0.043701985038792635,0.05512117472634848,-0.09999999999999998,0.01887022360065702
2.0,0.9,120,0.3,10,1177,127,0.10790144435004248,295,0.07796610169491526,-0.012942989214175624,0.09090909090909088,0.016992353440951596,123,0.5668202764976958,4,0.004166666666666667,94,127,877,127,46,36,0.28346456692913385,117,3,3.9833333333333334,0.05607760162063369,-0.01658386316725824,0.0447621227973084,0.05380458495630819,-0.09999999999999998,0.016867554357537253
2.0,0.9,120,0.3,15,1177,126,0.1070518266779949,295,0.07457627118644068,-0.016332819722650202,0.09090909090909088,0.016142735768904015,122,0.5622119815668203,4,0.004166666666666667,95,126,875,132,44,37,0.2803030303030303,118,3,3.975,0.056652300291011204,-0.01658386316725824,0.044989764615867456,0.05320756663054356,-0.09999999999999998,0.01457564049898021
2.0,0.8,60,,,1177,173,0.1469838572642311,295,0.09830508474576272,-0.06836158192090391,0.16666666666666663,-0.019682809402435525,149,0.6866359447004609,24,0.025,68,173,826,0,178,0,0.0,45,1,6.283333333333333,0.0,-0.06437576709493154,0.05780736876975079,0.016190242168357554,-0.19999999999999996,-0.030468594473599352
2.0,0.8,60,0.2,5,1177,97,0.08241291418861513,295,0.0576271186440678,-0.10903954802259883,0.16666666666666663,-0.0842537524780515,91,0.41935483870967744,6,0.00625,126,97,563,396,121,92,0.23232323232323232,120,5,2.75,0.08255676709604054,-0.014626578483894148,0.1061383318133926,0.027400800056353626,-0.14972389422491994,-0.0025517587691666196
2.0,0.8,60,0.2,10,1177,95,0.08071367884451996,295,0.0576271186440678,-0.10903954802259883,0.16666666666666663,-0.08595298782214666,89,0.41013824884792627,6,0.00625,128,95,549,417,116,94,0.22541966426858512,122,4,2.75,0.08381322282027859,-0.014626578483894148,0.10640889383079566,0.027046551111798163,-0.13760390196126515,-0.00010962087613060507
2.0,0.8,60,0.2,15,1177,95,0.08071367884451996,295,0.0576271186440678,-0.10903954802259883,0.16666666666666663,-0.08595298782214666,89,0.41013824884792627,6,0.00625,128,95,543,431,108,94,0.21809744779582366,122,4,2.75,0.08381322282027859,-0.014626578483894148,0.10769768232401722,0.0273171128281336,-0.13296576575168595,5.925854320775211e-05
2.0,0.8,60,0.25,5,1177,122,0.10365335598980459,295,0.07457627118644068,-0.09209039548022595,0.16666666666666663,-0.06301331067686204,109,0.5023041474654378,13,0.013541666666666667,108,122,624,287,144,66,0.22996515679442509,94,3,3.9166666666666665,0.046485370780525725,-0.035579352240399764,0.09297607548767228,0.030191509457743994,-0.19999999999999996,-0.0014759744054136609
2.0,0.8,60,0.25,10,1177,122,0.10365335598980459,295,0.07457627118644068,-0.09209039548022595,0.16666666666666663,-0.06301331067686204,109,0.5023041474654378,13,0.013541666666666667,108,122,613,306,136,66,0.21568627450980393,94,3,3.9166666666666665,0.046485370780525725,-0.035579352240399764,0.0992917839927252,0.031961330969549256,-0.19999999999999996,-0.0018810580558260488
2.0,0.8,60,0.25,15,1177,121,0.102803738317757,295,0.0711864406779661,-0.09548022598870053,0.16666666666666663,-0.06386292834890962,108,0.4976958525345622,13,0.013541666666666667,109,121,608,317,131,67,0.2113564668769716,95,3,3.9166666666666665,0.04493163182078641,-0.035579352240399764,0.10174379053813531,0.03142236485324202,-0.19999999999999996,-0.0026845227844255006
2.0,0.8,60,0.3,5,1177,140,0.11894647408666101,295,0.08813559322033898,-0.07853107344632765,0.16666666666666663,-0.04772019258000562,123,0.5668202764976958,17,0.017708333333333333,94,140,677,202,158,42,0.2079207920792079,76,3,4.458333333333333,0.03214080239137007,-0.04567212583676439,0.08299274165577386,0.025991730869577827,-0.19999999999999996,-0.00840821709711798
2.0,0.8,60,0.3,10,1177,137,0.11639762107051826,295,0.08813559322033898,-0.07853107344632765,0.16666666666666663,-0.050269045596148365,122,0.5622119815668203,15,0.015625,95,137,668,222,150,45,0.20270270270270271,79,3,4.283333333333333,0.03244360952787595,-0.03723598200446365,0.0866574371268396,0.02501752347380746,-0.19999999999999996,-0.007957359572804816
2.0,0.8,60,0.3,15,1177,136,0.11554800339847068,295,0.0847457627118644,-0.08192090395480223,0.16666666666666663,-0.051118663268195946,121,0.5576036866359447,15,0.015625,96,136,661,234,146,46,0.19658119658119658,80,3,4.241666666666667,0.03285489890588156,-0.040173941825869974,0.08947132569960381,0.024827797686539775,-0.19999999999999996,-0.009792559983010854
2.0,0.8,90,,,1177,178,0.15123194562446898,295,0.10847457627118644,-0.05819209039548019,0.16666666666666663,-0.015434721042197647,151,0.695852534562212,27,0.028125,66,178,851,0,148,0,0.0,53,1,6.516666666666667,0.0,-0.07544821332007412,0.0608730288085364,0.016306765860630915,-0.19999999999999996,-0.0214982851097356
2.0,0.8,90,0.2,5,1177,98,0.08326253186066271,295,0.0576271186440678,-0.10903954802259883,0.16666666666666663,-0.08340413480600392,91,0.41935483870967744,7,0.007291666666666667,126,98,576,407,96,99,0.24324324324324326,132,5,2.783333333333333,0.08096787060050736,-0.01658386316725824,0.10648232178757944,0.02744997949719994,-0.16985450562901871,0.0004056627234464698
2.0,0.8,90,0.2,10,1177,96,0.08156329651656755,295,0.0576271186440678,-0.10903954802259883,0.16666666666666663,-0.08510337015009908,89,0.41013824884792627,7,0.007291666666666667,128,96,559,432,90,101,0.2337962962962963,134,4,2.75,0.08318499495815956,-0.01658386316725824,0.10764088754130663,0.02757557333405847,-0.15038760691948028,0.0026298457799888678
2.0,0.8,90,0.2,15,1177,96,0.08156329651656755,295,0.0576271186440678,-0.10903954802259883,0.16666666666666663,-0.08510337015009908,89,0.41013824884792627,7,0.007291666666666667,128,96,551,446,84,101,0.226457399103139,134,4,2.75,0.08318499495815956,-0.01658386316725824,0.10951714231104237,0.028088930771294613,-0.14543371593809962,0.003160987666846211
2.0,0.8,90,0.25,5,1177,124,0.10535259133389975,295,0.07796610169491526,-0.08870056497175137,0.16666666666666663,-0.06131407533276688,109,0.5023041474654378,15,0.015625,108,124,640,295,118,71,0.24067796610169492,105,3,3.9333333333333336,0.04057259925277368,-0.040173941825869974,0.09695657759168275,0.029690741070305216,-0.19999999999999996,0.004835950850294934
2.0,0.8,90,0.25,10,1177,123,0.10450297366185217,295,0.07457627118644068,-0.09209039548022595,0.16666666666666663,-0.06216369300481446,109,0.5023041474654378,14,0.014583333333333334,108,123,629,316,109,72,0.22784810126582278,106,3,3.9166666666666665,0.04493163182078641,-0.03723598200446365,0.10174379053813531,0.03111132027724707,-0.19999999999999996,0.001890220079012166
2.0,0.8,90,0.25,15,1177,122,0.10365335598980459,295,0.0711864406779661,-0.09548022598870053,0.16666666666666663,-0.06301331067686204,108,0.4976958525345622,14,0.014583333333333334,109,122,621,332,102,73,0.21987951807228914,107,3,3.9166666666666665,0.04057259925277368,-0.03723598200446365,0.10460529716672262,0.03148427931369188,-0.19999999999999996,0.00048336879979169617
2.0,0.8,90,0.3,5,1177,142,0.12064570943075616,295,0.09152542372881356,-0.07514124293785307,0.16666666666666663,-0.04602095723591047,123,0.5668202764976958,19,0.019791666666666666,94,142,695,208,132,47,0.22596153846153846,87,3,4.616666666666667,0.02671991954127728,-0.04753872017394645,0.08561029858702618,0.025076682672798032,-0.19999999999999996,-0.0019225874648916498
2.0,0.8,90,0.3,10,1177,138,0.11724723874256585,295,0.08813559322033898,-0.07853107344632765,0.16666666666666663,-0.049419427924100784,122,0.5622119815668203,16,0.016666666666666666,95,138,685,229,125,51,0.22270742358078602,91,3,4.316666666666666,0.03214080239137007,-0.040173941825869974,0.08982629914762019,0.02371465306800404,-0.19999999999999996,-0.0037419858017233433
2.0,0.8,90,0.3,15,1177,137,0.11639762107051826,295,0.0847457627118644,-0.08192090395480223,0.16666666666666663,-0.050269045596148365,121,0.5576036866359447,16,0.016666666666666666,96,137,677,243,120,52,0.2139917695473251,92,3,4.283333333333333,0.03244360952787595,-0.040173941825869974,0.0914548534899915,0.02389647478962292,-0.19999999999999996,-0.004601268161046135
2.0,0.8,120,,,1177,188,0.15972812234494477,295,0.11864406779661017,-0.04802259887005646,0.16666666666666663,-0.006938544321721862,153,0.7050691244239631,35,0.036458333333333336,64,188,873,0,116,0,0.0,58,1,7.533333333333333,-0.003328780086853611,-0.077753720148801,0.0650768250323368,0.01827114627685424,-0.19999999999999996,-0.026909743361442365
2.0,0.8,120,0.2,5,1177,103,0.0875106202209006,295,0.06440677966101695,-0.10225988700564968,0.16666666666666663,-0.07915604644576603,92,0.423963133640553,11,0.011458333333333333,125,103,588,417,69,107,0.2565947242206235,142,5,3.216666666666667,0.06826801090245382,-0.020831722805222164,0.10775447710672781,0.027346001298191733,-0.1926641848831112,-0.0019456571230688675
2.0,0.8,120,0.2,10,1177,101,0.08581138487680544,295,0.06440677966101695,-0.10225988700564968,0.16666666666666663,-0.08085528178986119,90,0.4147465437788018,11,0.011458333333333333,127,101,569,442,65,110,0.248868778280543,144,4,3.0,0.06897152085668634,-0.017385469646699847,0.10951714231104237,0.027829502147938605,-0.163999585687435,0.0009912230068775767
2.0,0.8,120,0.2,15,1177,100,0.08496176720475786,295,0.06440677966101695,-0.10225988700564968,0.16666666666666663,-0.08170489946190877,89,0.41013824884792627,11,0.011458333333333333,128,100,560,455,62,111,0.24395604395604395,145,4,2.908333333333333,0.07417524748083026,-0.020831722805222164,0.11084216598070995,0.027942279991906346,-0.1541906486508321,0.0018499265096910335
2.0,0.8,120,0.25,5,1177,130,0.11045029736618521,295,0.0847457627118644,-0.08192090395480223,0.16666666666666663,-0.05621636930048142,110,0.5069124423963134,20,0.020833333333333332,107,130,657,300,90,76,0.25333333333333335,114,3,4.0,0.02671991954127728,-0.04567212583676439,0.09973881429399167,0.029759719628556582,-0.19999999999999996,0.0015493249699041036
2.0,0.8,120,0.25,10,1177,129,0.10960067969413764,295,0.08135593220338982,-0.0853107344632768,0.16666666666666663,-0.05706598697252899,110,0.5069124423963134,19,0.019791666666666666,107,129,644,322,82,77,0.2391304347826087,115,3,3.9833333333333334,0.03183799525486419,-0.040173941825869974,0.10377856641959526,0.030937244614849778,-0.19999999999999996,-0.00017545970156606817
2.0,0.8,120,0.25,15,1177,128,0.10875106202209006,295,0.07796610169491526,-0.08870056497175137,0.16666666666666663,-0.05791560464457657,109,0.5023041474654378,19,0.019791666666666666,108,128,635,338,76,79,0.23372781065088757,116,3,3.975,0.02671991954127728,-0.04567212583676439,0.10551762487227223,0.0313937557994397,-0.19999999999999996,-0.001713024870286003
2.0,0.8,120,0.3,5,1177,150,0.1274426508071368,295,0.1016949152542373,-0.06497175141242933,0.16666666666666663,-0.03922401585952984,124,0.5714285714285714,26,0.027083333333333334,93,150,715,212,100,50,0.2358490566037736,94,3,4.9,0.013712102360590173,-0.05129683337435109,0.0874363385716046,0.026128059954533774,-0.19999999999999996,-0.004692265465540588
2.0,0.8,120,0.3,10,1177,146,0.12404418011894647,295,0.09830508474576272,-0.06836158192090391,0.16666666666666663,-0.04262248654772016,123,0.5668202764976958,23,0.023958333333333335,94,146,703,233,95,54,0.2317596566523605,98,3,4.733333333333333,0.01787987985534345,-0.04881000354011367,0.0914548534899915,0.024192287645739337,-0.19999999999999996,-0.005138397879820426
2.0,0.8,120,0.3,15,1177,145,0.1231945624468989,295,0.09491525423728814,-0.07175141242937849,0.16666666666666663,-0.04347210421976773,122,0.5622119815668203,23,0.023958333333333335,95,145,695,248,89,55,0.2217741935483871,99,3,4.716666666666667,0.0205175795742496,-0.04881000354011367,0.09427439411709759,0.024254708908535857,-0.19999999999999996,-0.006454655372753831
2.0,0.75,60,,,1177,179,0.15208156329651656,295,0.10847457627118644,-0.09152542372881357,0.2,-0.04791843670348345,149,0.6866359447004609,30,0.03125,68,179,769,0,229,0,0.0,39,1,6.516666666666667,0.0,-0.07872143057704373,0.0608730288085364,-0.005873473316969534,-0.25,-0.04663047431993619
2.0,0.75,60,0.2,5,1177,99,0.08411214953271028,295,0.0576271186440678,-0.1423728813559322,0.2,-0.11588785046728974,91,0.41935483870967744,8,0.008333333333333333,126,99,463,478,137,95,0.19874476987447698,118,5,2.75,0.07937897410497419,-0.017385469646699847,0.11324935682902582,0.015443604402758998,-0.11670216882150153,-0.012247844167549222
2.0,0.75,60,0.2,10,1177,97,0.08241291418861513,295,0.0576271186440678,-0.1423728813559322,0.2,-0.11758708581138488,89,0.41013824884792627,8,0.008333333333333333,128,97,447,505,128,97,0.19207920792079208,120,4,2.75,0.08255676709604054,-0.01658386316725824,0.11331661013423289,0.01564697938876954,-0.11025380965031695,-0.00898616807032786
2.0,0.75,60,0.2,15,1177,97,0.08241291418861513,295,0.0576271186440678,-0.1423728813559322,0.2,-0.11758708581138488,89,0.41013824884792627,8,0.008333333333333333,128,97,441,522,117,97,0.18582375478927204,120,4,2.75,0.08255676709604054,-0.01658386316725824,0.11433308022498423,0.01620117937438538,-0.10940051453677935,-0.008613865931934202
2.0,0.75,60,0.25,5,1177,125,0.10620220900594732,295,0.07796610169491526,-0.12203389830508475,0.2,-0.0937977909940527,109,0.5023041474654378,16,0.016666666666666666,108,125,524,353,175,68,0.19263456090651557,91,3,3.9166666666666665,0.036213566684760945,-0.040173941825869974,0.10775447710672781,0.018364036700616558,-0.16079253225968626,-0.009309972134892147
2.0,0.75,60,0.25,10,1177,125,0.10620220900594732,295,0.07796610169491526,-0.12203389830508475,0.2,-0.0937977909940527,109,0.5023041474654378,16,0.016666666666666666,108,125,511,377,164,68,0.18037135278514588,91,3,3.9166666666666665,0.036213566684760945,-0.040173941825869974,0.11151499664757514,0.01962742186662282,-0.15780122392859863,-0.00917482310865152
2.0,0.75,60,0.25,15,1177,124,0.10535259133389975,295,0.07457627118644068,-0.12542372881355934,0.2,-0.09464740866610026,108,0.4976958525345622,16,0.016666666666666666,109,124,507,389,157,69,0.17737789203084833,92,3,3.9166666666666665,0.03432858810631845,-0.04567212583676439,0.11324002491626917,0.019299975427298353,-0.1498075967349295,-0.009905446212691106
2.0,0.75,60,0.3,5,1177,144,0.12234494477485132,295,0.09491525423728814,-0.10508474576271187,0.2,-0.07765505522514869,123,0.5668202764976958,21,0.021875,94,144,583,258,192,45,0.1744186046511628,72,3,4.616666666666667,0.021245243232138944,-0.048959976640656766,0.10174379053813531,0.011957588880301129,-0.24069094325258844,-0.015269338714585
2.0,0.75,60,0.3,10,1177,141,0.11979609175870858,295,0.09491525423728814,-0.10508474576271187,0.2,-0.08020390824129144,122,0.5622119815668203,19,0.019791666666666666,95,141,570,284,182,48,0.16901408450704225,75,3,4.35,0.02160184382769037,-0.04753872017394645,0.10587751430926406,0.011497542210324754,-0.22072545021968204,-0.014391165716452003
2.0,0.75,60,0.3,15,1177,140,0.11894647408666101,295,0.09152542372881356,-0.10847457627118645,0.2,-0.081053525913339,121,0.5576036866359447,19,0.019791666666666666,96,140,564,297,176,49,0.16498316498316498,76,3,4.316666666666666,0.02671991954127728,-0.04881000354011367,0.10764088754130663,0.011409666711020346,-0.21579418713520737,-0.016270175688049202
2.0,0.75,90,,,1177,186,0.1580288870008496,295,0.12203389830508475,-0.07796610169491526,0.2,-0.041971112999150406,152,0.7004608294930875,34,0.035416666666666666,65,186,805,0,186,0,0.0,45,1,6.891666666666667,-0.003328780086853611,-0.08124978325647936,0.0709751717281022,-0.007013804825931322,-0.25,-0.03739206570651776
2.0,0.75,90,0.2,5,1177,100,0.08496176720475786,295,0.0576271186440678,-0.1423728813559322,0.2,-0.11503823279524215,91,0.41935483870967744,9,0.009375,126,100,478,493,106,103,0.20892494929006086,130,5,2.783333333333333,0.07417524748083026,-0.020831722805222164,0.11324935682902582,0.015233846550487297,-0.13559709036170708,-0.010028255342583071
2.0,0.75,90,0.2,10,1177,98,0.08326253186066271,295,0.0576271186440678,-0.1423728813559322,0.2,-0.1167374681393373,89,0.41013824884792627,9,0.009375,128,98,458,523,98,105,0.20076481835564053,132,4,2.75,0.08096787060050736,-0.017385469646699847,0.11338386343943996,0.01578830410396449,-0.12367105392115085,-0.006815042556431598
2.0,0.75,90,0.2,15,1177,98,0.08326253186066271,295,0.0576271186440678,-0.1423728813559322,0.2,-0.1167374681393373,89,0.41013824884792627,9,0.009375,128,98,449,540,90,105,0.19444444444444445,132,4,2.75,0.08096787060050736,-0.017385469646699847,0.11397823440338639,0.016642863356481435,-0.12006773562372308,-0.0060893209266889865
2.0,0.75,90,0.25,5,1177,127,0.10790144435004248,295,0.08135593220338982,-0.11864406779661019,0.2,-0.09209855564995753,109,0.5023041474654378,18,0.01875,108,127,548,364,138,74,0.2032967032967033,102,3,3.95,0.03244360952787595,-0.04753872017394645,0.10863580970888509,0.016919128007166506,-0.17739766245918998,-0.004522992525057783
2.0,0.75,90,0.25,10,1177,126,0.1070518266779949,295,0.07796610169491526,-0.12203389830508475,0.2,-0.09294817332200511,109,0.5023041474654378,17,0.017708333333333333,108,126,532,390,129,75,0.19230769230769232,103,3,3.9333333333333336,0.03432858810631845,-0.04567212583676439,0.11151499664757514,0.018340848192326925,-0.16926933434402003,-0.006928490619687536
2.0,0.75,90,0.25,15,1177,125,0.10620220900594732,295,0.07457627118644068,-0.12542372881355934,0.2,-0.0937977909940527,108,0.4976958525345622,17,0.017708333333333333,109,125,524,408,120,76,0.18627450980392157,104,3,3.9166666666666665,0.03244360952787595,-0.04567212583676439,0.11331661013423289,0.019148011525761784,-0.1641185349966532,-0.008120359963244967
2.0,0.75,90,0.3,5,1177,146,0.12404418011894647,295,0.09830508474576272,-0.1016949152542373,0.2,-0.07595581988105354,123,0.5668202764976958,23,0.023958333333333335,94,146,609,268,154,51,0.19029850746268656,83,3,4.691666666666666,0.02070311110541856,-0.05129683337435109,0.1034348438660675,0.009849836360822989,-0.25,-0.01050080105068189
2.0,0.75,90,0.3,10,1177,142,0.12064570943075616,295,0.09491525423728814,-0.10508474576271187,0.2,-0.07935429056924385,122,0.5622119815668203,20,0.020833333333333332,95,142,594,295,146,55,0.1864406779661017,87,3,4.458333333333333,0.021245243232138944,-0.04881000354011367,0.10633546587401188,0.009228458281981882,-0.25,-0.01128275430601278
2.0,0.75,90,0.3,15,1177,141,0.11979609175870858,295,0.09152542372881356,-0.10847457627118645,0.2,-0.08020390824129144,121,0.5576036866359447,20,0.020833333333333332,96,141,585,311,140,56,0.18006430868167203,88,3,4.35,0.02160184382769037,-0.04881000354011367,0.10769768232401722,0.009685629833956962,-0.23879456299987678,-0.01263118072627927
2.0,0.75,120,,,1177,197,0.16737468139337297,295,0.13220338983050847,-0.06779661016949154,0.2,-0.03262531860662704,154,0.7096774193548387,43,0.04479166666666667,63,197,830,0,150,0,0.0,49,1,7.7,-0.00489706687083491,-0.08896994956884918,0.07212388089192112,-0.004036147770826243,-0.25,-0.04447460219786937
2.0,0.75,120,0.2,5,1177,105,0.08920985556499575,295,0.06440677966101695,-0.13559322033898308,0.2,-0.11079014443500426,92,0.423963133640553,13,0.013541666666666667,125,105,491,503,78,112,0.22266401590457258,140,5,3.216666666666667,0.06801384782446451,-0.025230774730022887,0.1138584718322121,0.014771232085103189,-0.13975017992305394,-0.013392908648833557
2.0,0.75,120,0.2,10,1177,103,0.0875106202209006,295,0.06440677966101695,-0.13559322033898308,0.2,-0.11248937977909941,90,0.4147465437788018,13,0.013541666666666667,127,103,467,535,72,115,0.21495327102803738,142,4,3.0,0.06826801090245382,-0.025230774730022887,0.1138584718322121,0.015464410514402982,-0.12689864476264512,-0.009297507263854308
2.0,0.75,120,0.2,15,1177,102,0.08666100254885302,295,0.06440677966101695,-0.13559322033898308,0.2,-0.11333899745114699,89,0.41013824884792627,13,0.013541666666666667,128,102,458,551,66,116,0.21052631578947367,143,4,2.908333333333333,0.06861976587957008,-0.025230774730022887,0.11397823440338639,0.01591045255112032,-0.12272631215650909,-0.008301008674735324
2.0,0.75,120,0.25,5,1177,133,0.11299915038232795,295,0.08813559322033898,-0.11186440677966103,0.2,-0.08700084961767206,110,0.5069124423963134,23,0.023958333333333335,107,133,565,370,109,81,0.21891891891891893,111,3,4.016666666666667,0.0205175795742496,-0.04881000354011367,0.10775447710672781,0.016552865588234208,-0.19621269470086256,-0.008522041507199731
2.0,0.75,120,0.25,10,1177,132,0.11214953271028037,295,0.0847457627118644,-0.11525423728813561,0.2,-0.08785046728971964,110,0.5069124423963134,22,0.022916666666666665,107,132,549,397,99,82,0.20654911838790932,112,3,4.0,0.021059711700969985,-0.04881000354011367,0.11151499664757514,0.017741660747598958,-0.18503138364420701,-0.00970659350201689
2.0,0.75,120,0.25,15,1177,131,0.11129991503823279,295,0.08135593220338982,-0.11864406779661019,0.2,-0.08870008496176722,109,0.5023041474654378,22,0.022916666666666665,108,131,540,415,91,84,0.20240963855421687,113,3,3.9833333333333334,0.0205175795742496,-0.04881000354011367,0.11324935682902582,0.018628745919459466,-0.17601895015057822,-0.011059977623060324
2.0,0.75,120,0.3,5,1177,154,0.1308411214953271,295,0.10847457627118644,-0.09152542372881357,0.2,-0.06915887850467292,124,0.5714285714285714,30,0.03125,93,154,628,272,123,56,0.20588235294117646,90,3,5.1,0.009824511552426252,-0.06266942706609169,0.10377856641959526,0.010954252178500915,-0.25,-0.014276126668980807
2.0,0.75,120,0.3,10,1177,150,0.1274426508071368,295,0.10508474576271186,-0.09491525423728815,0.2,-0.07255734919286322,123,0.5668202764976958,27,0.028125,94,150,612,299,116,60,0.20066889632107024,94,3,4.775,0.011472477509479218,-0.0552710759413968,0.10633546587401188,0.009175729330855732,-0.25,-0.01357796016814404
2.0,0.75,120,0.3,15,1177,149,0.1265930331350892,295,0.1016949152542373,-0.09830508474576272,0.2,-0.0734069668649108,122,0.5622119815668203,27,0.028125,95,149,603,316,109,61,0.1930379746835443,95,3,4.75,0.012182024584743045,-0.0552710759413968,0.10775447710672781,0.00950578057527775,-0.25,-0.01541416261000768
2.0,0.7,60,,,1177,189,0.16057774001699235,295,0.1288135593220339,-0.10195567144719689,0.23076923076923078,-0.07019149075223843,149,0.6866359447004609,40,0.041666666666666664,68,189,716,0,272,0,0.0,30,0,6.666666666666667,-0.004023501544759278,-0.09678754858497507,0.06835135730494946,-0.021796335260953145,-0.30000000000000004,-0.047434423730279236
2.0,0.7,60,0.2,5,1177,100,0.08496176720475786,295,0.0576271186440678,-0.17314211212516298,0.23076923076923078,-0.14580746356447294,91,0.41935483870967744,9,0.009375,126,100,359,567,151,102,0.17989417989417988,118,4,2.75,0.07417524748083026,-0.020831722805222164,0.12352284948770154,0.009246183762590144,-0.10165463885717174,-0.0166067000987192
2.0,0.7,60,0.2,10,1177,98,0.08326253186066271,295,0.0576271186440678,-0.17314211212516298,0.23076923076923078,-0.14750669890856807,89,0.41013824884792627,9,0.009375,128,98,347,592,140,104,0.17567567567567569,120,3,2.7,0.08096787060050736,-0.017385469646699847,0.12293170142853516,0.009839768234125874,-0.09527562453424432,-0.012560234942582193
2.0,0.7,60,0.2,15,1177,98,0.08326253186066271,295,0.0576271186440678,-0.17314211212516298,0.23076923076923078,-0.14750669890856807,89,0.41013824884792627,9,0.009375,128,98,341,613,125,104,0.16965742251223492,120,3,2.7,0.08096787060050736,-0.017385469646699847,0.12352284948770154,0.010398344240280095,-0.09527562453424432,-0.013045796300931141
2.0,0.7,60,0.25,5,1177,126,0.1070518266779949,295,0.07796610169491526,-0.15280312907431554,0.23076923076923078,-0.12371740409123588,109,0.5023041474654378,17,0.017708333333333333,108,126,419,438,194,75,0.17123287671232876,91,2,3.9166666666666665,0.03432858810631845,-0.04567212583676439,0.12022639475301289,0.00813458734631419,-0.13208478139904234,-0.019616419079027773
2.0,0.7,60,0.25,10,1177,126,0.1070518266779949,295,0.07796610169491526,-0.15280312907431554,0.23076923076923078,-0.12371740409123588,109,0.5023041474654378,17,0.017708333333333333,108,126,403,469,179,75,0.15991471215351813,91,2,3.9166666666666665,0.03432858810631845,-0.04567212583676439,0.12231522051741095,0.009783953330739182,-0.12955336594248867,-0.017653656147148318
2.0,0.7,60,0.25,15,1177,125,0.10620220900594732,295,0.07457627118644068,-0.15619295958279011,0.23076923076923078,-0.12456702176328346,108,0.4976958525345622,17,0.017708333333333333,109,125,390,491,171,76,0.15478615071283094,92,2,3.9166666666666665,0.03244360952787595,-0.04567212583676439,0.12580768595149516,0.009869891690617008,-0.12637375555886587,-0.017533879666752322
2.0,0.7,60,0.3,5,1177,146,0.12404418011894647,295,0.09830508474576272,-0.13246414602346807,0.23076923076923078,-0.10672505065028431,123,0.5668202764976958,23,0.023958333333333335,94,146,497,311,223,52,0.16720257234726688,71,2,4.616666666666667,0.02070311110541856,-0.05129683337435109,0.11312191913683645,-1.9133075583698725e-05,-0.1783251231095795,-0.024959847659274316
2.0,0.7,60,0.3,10,1177,143,0.12149532710280374,295,0.09830508474576272,-0.13246414602346807,0.23076923076923078,-0.10927390366642704,122,0.5622119815668203,21,0.021875,95,143,474,352,208,55,0.15625,74,2,4.35,0.020888642636587518,-0.048959976640656766,0.11891614270613615,0.00023339308086043714,-0.1715781633796598,-0.022419510538521772
2.0,0.7,60,0.3,15,1177,142,0.12064570943075616,295,0.09491525423728814,-0.13585397653194264,0.23076923076923078,-0.11012352133847463,121,0.5576036866359447,21,0.021875,96,142,468,367,200,56,0.15258855585831063,75,2,4.316666666666666,0.021245243232138944,-0.048959976640656766,0.12022639475301289,0.0002644934791655758,-0.1712542561899103,-0.02415240505558457
2.0,0.7,90,,,1177,196,0.16652506372132542,295,0.1423728813559322,-0.08839634941329857,0.23076923076923078,-0.06424416704790537,152,0.7004608294930875,44,0.04583333333333333,65,196,749,0,232,0,0.0,36,0,7.25,-0.005964407514572667,-0.10033496502797323,0.08280187742454559,-0.025142208052719953,-0.30000000000000004,-0.040950086765431236
2.0,0.7,90,0.2,5,1177,101,0.08581138487680544,295,0.0576271186440678,-0.17314211212516298,0.23076923076923078,-0.14495784589242533,91,0.41935483870967744,10,0.010416666666666666,126,101,369,582,125,112,0.19243986254295534,130,4,2.75,0.06897152085668634,-0.020831722805222164,0.1274219699316168,0.0080878917922249,-0.11192809250919922,-0.016029035695303402
2.0,0.7,90,0.2,10,1177,99,0.08411214953271028,295,0.0576271186440678,-0.17314211212516298,0.23076923076923078,-0.1466570812365205,89,0.41013824884792627,10,0.010416666666666666,128,99,355,610,113,114,0.18688524590163935,132,3,2.75,0.07937897410497419,-0.020831722805222164,0.12580768595149516,0.009330027477940836,-0.10902241741703012,-0.011861542324812553
2.0,0.7,90,0.2,15,1177,99,0.08411214953271028,295,0.0576271186440678,-0.17314211212516298,0.23076923076923078,-0.1466570812365205,89,0.41013824884792627,10,0.010416666666666666,128,99,347,631,100,114,0.18066561014263074,132,3,2.75,0.07937897410497419,-0.020831722805222164,0.12496084174918154,0.010538691743102957,-0.10532234326292111,-0.01091561765438441
2.0,0.7,90,0.25,5,1177,128,0.10875106202209006,295,0.08135593220338982,-0.14941329856584096,0.23076923076923078,-0.12201816874714072,109,0.5023041474654378,19,0.019791666666666666,108,128,434,449,166,83,0.18485523385300667,102,2,3.9333333333333336,0.03214080239137007,-0.04881000354011367,0.1274219699316168,0.005376279502704116,-0.14957056830176585,-0.01693678271166041
2.0,0.7,90,0.25,10,1177,127,0.10790144435004248,295,0.07796610169491526,-0.15280312907431554,0.23076923076923078,-0.1228677864191883,109,0.5023041474654378,18,0.01875,108,127,414,484,152,84,0.17355371900826447,103,2,3.9166666666666665,0.03244360952787595,-0.04753872017394645,0.12747148904814298,0.007384985725745102,-0.1461207498116568,-0.017514666900651333
2.0,0.7,90,0.25,15,1177,126,0.1070518266779949,295,0.07457627118644068,-0.15619295958279011,0.23076923076923078,-0.12371740409123588,108,0.4976958525345622,18,0.01875,109,126,399,511,141,85,0.16634050880626222,104,2,3.9166666666666665,0.03214080239137007,-0.04753872017394645,0.1294409384378672,0.008837684618025156,-0.14325803510961754,-0.017686645134349456
2.0,0.7,90,0.3,5,1177,148,0.12574341546304163,295,0.1016949152542373,-0.1290743155149935,0.23076923076923078,-0.10502581530618915,123,0.5668202764976958,25,0.026041666666666668,94,148,515,323,191,59,0.1826625386996904,82,2,4.691666666666666,0.01787987985534345,-0.06266942706609169,0.11829749079968144,-0.003926212811846439,-0.19817407286327793,-0.021332604421207164
2.0,0.7,90,0.3,10,1177,144,0.12234494477485132,295,0.09830508474576272,-0.13246414602346807,0.23076923076923078,-0.10842428599437946,122,0.5622119815668203,22,0.022916666666666665,95,144,490,363,180,63,0.17355371900826447,86,2,4.458333333333333,0.02070311110541856,-0.05129683337435109,0.12411399754686792,-0.003642705658879983,-0.1863156272440849,-0.020855352237256566
2.0,0.7,90,0.3,15,1177,143,0.12149532710280374,295,0.09491525423728814,-0.13585397653194264,0.23076923076923078,-0.10927390366642704,121,0.5576036866359447,22,0.022916666666666665,96,143,482,381,171,64,0.1679790026246719,87,2,4.35,0.020888642636587518,-0.05129683337435109,0.12752100816466916,-0.0028454057724454176,-0.18317846781090963,-0.022057663202988655
2.0,0.7,120,,,1177,209,0.17757009345794392,295,0.15254237288135594,-0.07822685788787484,0.23076923076923078,-0.053199137311286865,154,0.7096774193548387,55,0.057291666666666664,63,209,781,0,187,0,0.0,38,0,7.966666666666667,-0.016313713436990063,-0.11117333207478697,0.08015941348592936,-0.023197239704227563,-0.30000000000000004,-0.049072983090443
2.0,0.7,120,0.2,5,1177,106,0.09005947323704333,295,0.06440677966101695,-0.16636245110821385,0.23076923076923078,-0.14070975753218745,92,0.423963133640553,14,0.014583333333333334,125,106,385,593,93,121,0.20404721753794267,140,4,3.1083333333333334,0.06677412725566512,-0.031664939420422145,0.12747148904814298,0.007170620301308384,-0.11670216882150153,-0.019782535086361987
2.0,0.7,120,0.2,10,1177,104,0.08836023789294817,295,0.06440677966101695,-0.16636245110821385,0.23076923076923078,-0.14240899287628261,90,0.4147465437788018,14,0.014583333333333334,127,104,367,622,84,124,0.19935691318327975,142,3,2.908333333333333,0.06814092936345917,-0.031664939420422145,0.12580768595149516,0.008703906447782057,-0.1117312895096293,-0.014563361591619634
2.0,0.7,120,0.2,15,1177,103,0.0875106202209006,295,0.06440677966101695,-0.16636245110821385,0.23076923076923078,-0.14325861054833017,89,0.41013824884792627,14,0.014583333333333334,128,103,357,642,75,125,0.19470404984423675,143,3,2.816666666666667,0.06826801090245382,-0.031664939420422145,0.12411399754686792,0.009565827490965134,-0.10902241741703012,-0.013346659961815117
2.0,0.7,120,0.25,5,1177,134,0.11384876805437553,295,0.08813559322033898,-0.1426336375488918,0.23076923076923078,-0.11692046271485525,110,0.5069124423963134,24,0.025,107,134,457,456,130,91,0.19956140350877194,111,2,4.0,0.01787987985534345,-0.048959976640656766,0.12293170142853516,0.004189207888399532,-0.1650629823782308,-0.021100291637797947
2.0,0.7,120,0.25,10,1177,133,0.11299915038232795,295,0.0847457627118644,-0.14602346805736638,0.23076923076923078,-0.11777008038690283,110,0.5069124423963134,23,0.023958333333333335,107,133,434,493,117,92,0.18661257606490872,112,2,3.9833333333333334,0.0205175795742496,-0.04881000354011367,0.12580768595149516,0.006245722823384243,-0.16083325368110934,-0.020457229726976275
2.0,0.7,120,0.25,15,1177,132,0.11214953271028037,295,0.08135593220338982,-0.14941329856584096,0.23076923076923078,-0.11861969805895041,109,0.5023041474654378,23,0.023958333333333335,108,132,417,521,107,94,0.18042226487523993,113,2,3.975,0.01787987985534345,-0.048959976640656766,0.1283590180221782,0.007877780453421442,-0.1544335225512874,-0.020790722738160402
2.0,0.7,120,0.3,5,1177,156,0.13254035683942225,295,0.11186440677966102,-0.11890482398956977,0.23076923076923078,-0.09822887392980853,124,0.5714285714285714,32,0.03333333333333333,93,156,543,328,150,65,0.19817073170731708,89,2,5.1,0.004443046335318557,-0.06437576709493154,0.11667160147425282,-0.004413129561254921,-0.22606831223640522,-0.025770435368224313
2.0,0.7,120,0.3,10,1177,152,0.12914188615123195,295,0.10847457627118644,-0.12229465449804434,0.23076923076923078,-0.10162734461799883,123,0.5668202764976958,29,0.030208333333333334,94,152,516,368,141,69,0.1875,93,2,4.775,0.009824511552426252,-0.06266942706609169,0.12096256717964982,-0.005204688219169264,-0.20648709028593426,-0.023726173071611255
2.0,0.7,120,0.3,15,1177,151,0.12829226847918437,295,0.10508474576271186,-0.1256844850065189,0.23076923076923078,-0.10247696229004641,122,0.5622119815668203,29,0.030208333333333334,95,151,508,387,131,70,0.18087855297157623,94,2,4.75,0.01076293043421539,-0.06266942706609169,0.12580768595149516,-0.004499179065055533,-0.19967343958307493,-0.025416260058940498
